candidate_id,r0_um,N_turns,sides,W_um,S_um,left_bridge_um,right_bridge_um,fdl_path,skill_path,gds_path,s2p_path
LQ_N2p5_R96_W12_S18,96.0,2.5,12,12.0,18.0,180.0,180.0,fdl/LQ_N2p5_R96_W12_S18.py,skill/LQ_N2p5_R96_W12_S18.il,gds/LQ_N2p5_R96_W12_S18.gds,s2p/LQ_N2p5_R96_W12_S18.s2p
LQ_N2p5_R95_W12_S18,95.0,2.5,12,12.0,18.0,180.0,180.0,fdl/LQ_N2p5_R95_W12_S18.py,skill/LQ_N2p5_R95_W12_S18.il,gds/LQ_N2p5_R95_W12_S18.gds,s2p/LQ_N2p5_R95_W12_S18.s2p
LQ_N2p5_R94_W12_S18,94.0,2.5,12,12.0,18.0,180.0,180.0,fdl/LQ_N2p5_R94_W12_S18.py,skill/LQ_N2p5_R94_W12_S18.il,gds/LQ_N2p5_R94_W12_S18.gds,s2p/LQ_N2p5_R94_W12_S18.s2p
LQ_N2p5_R93_W12_S18,93.0,2.5,12,12.0,18.0,180.0,180.0,fdl/LQ_N2p5_R93_W12_S18.py,skill/LQ_N2p5_R93_W12_S18.il,gds/LQ_N2p5_R93_W12_S18.gds,s2p/LQ_N2p5_R93_W12_S18.s2p
LQ_N2p5_R92_W12_S18,92.0,2.5,12,12.0,18.0,180.0,180.0,fdl/LQ_N2p5_R92_W12_S18.py,skill/LQ_N2p5_R92_W12_S18.il,gds/LQ_N2p5_R92_W12_S18.gds,s2p/LQ_N2p5_R92_W12_S18.s2p
LQ_N2p5_R91_W12_S18,91.0,2.5,12,12.0,18.0,180.0,180.0,fdl/LQ_N2p5_R91_W12_S18.py,skill/LQ_N2p5_R91_W12_S18.il,gds/LQ_N2p5_R91_W12_S18.gds,s2p/LQ_N2p5_R91_W12_S18.s2p
LQ_N2p5_R90_W12_S18,90.0,2.5,12,12.0,18.0,180.0,180.0,fdl/LQ_N2p5_R90_W12_S18.py,skill/LQ_N2p5_R90_W12_S18.il,gds/LQ_N2p5_R90_W12_S18.gds,s2p/LQ_N2p5_R90_W12_S18.s2p
LQ_N2p5_R89_W12_S18,89.0,2.5,12,12.0,18.0,180.0,180.0,fdl/LQ_N2p5_R89_W12_S18.py,skill/LQ_N2p5_R89_W12_S18.il,gds/LQ_N2p5_R89_W12_S18.gds,s2p/LQ_N2p5_R89_W12_S18.s2p
LQ_N2p5_R59_W9p6_S14,59.0,2.5,12,9.6,14.0,180.0,180.0,fdl/LQ_N2p5_R59_W9p6_S14.py,skill/LQ_N2p5_R59_W9p6_S14.il,gds/LQ_N2p5_R59_W9p6_S14.gds,s2p/LQ_N2p5_R59_W9p6_S14.s2p
LQ_N2p5_R43_W12_S16,43.0,2.5,12,12.0,16.0,180.0,180.0,fdl/LQ_N2p5_R43_W12_S16.py,skill/LQ_N2p5_R43_W12_S16.il,gds/LQ_N2p5_R43_W12_S16.gds,s2p/LQ_N2p5_R43_W12_S16.s2p
LQ_N2p5_R58_W9p6_S14,58.0,2.5,12,9.6,14.0,180.0,180.0,fdl/LQ_N2p5_R58_W9p6_S14.py,skill/LQ_N2p5_R58_W9p6_S14.il,gds/LQ_N2p5_R58_W9p6_S14.gds,s2p/LQ_N2p5_R58_W9p6_S14.s2p
LQ_N2p5_R42_W12_S16,42.0,2.5,12,12.0,16.0,180.0,180.0,fdl/LQ_N2p5_R42_W12_S16.py,skill/LQ_N2p5_R42_W12_S16.il,gds/LQ_N2p5_R42_W12_S16.gds,s2p/LQ_N2p5_R42_W12_S16.s2p
LQ_N2p5_R57_W9p6_S14,57.0,2.5,12,9.6,14.0,180.0,180.0,fdl/LQ_N2p5_R57_W9p6_S14.py,skill/LQ_N2p5_R57_W9p6_S14.il,gds/LQ_N2p5_R57_W9p6_S14.gds,s2p/LQ_N2p5_R57_W9p6_S14.s2p
LQ_N2p5_R41_W12_S16,41.0,2.5,12,12.0,16.0,180.0,180.0,fdl/LQ_N2p5_R41_W12_S16.py,skill/LQ_N2p5_R41_W12_S16.il,gds/LQ_N2p5_R41_W12_S16.gds,s2p/LQ_N2p5_R41_W12_S16.s2p
LQ_N2p5_R56_W9p6_S14,56.0,2.5,12,9.6,14.0,180.0,180.0,fdl/LQ_N2p5_R56_W9p6_S14.py,skill/LQ_N2p5_R56_W9p6_S14.il,gds/LQ_N2p5_R56_W9p6_S14.gds,s2p/LQ_N2p5_R56_W9p6_S14.s2p
LQ_N2p5_R40_W12_S16,40.0,2.5,12,12.0,16.0,180.0,180.0,fdl/LQ_N2p5_R40_W12_S16.py,skill/LQ_N2p5_R40_W12_S16.il,gds/LQ_N2p5_R40_W12_S16.gds,s2p/LQ_N2p5_R40_W12_S16.s2p
LQ_N2p5_R55_W9p6_S14,55.0,2.5,12,9.6,14.0,180.0,180.0,fdl/LQ_N2p5_R55_W9p6_S14.py,skill/LQ_N2p5_R55_W9p6_S14.il,gds/LQ_N2p5_R55_W9p6_S14.gds,s2p/LQ_N2p5_R55_W9p6_S14.s2p
LQ_N2p5_R45_W10p4_S15,45.0,2.5,12,10.4,15.0,180.0,180.0,fdl/LQ_N2p5_R45_W10p4_S15.py,skill/LQ_N2p5_R45_W10p4_S15.il,gds/LQ_N2p5_R45_W10p4_S15.gds,s2p/LQ_N2p5_R45_W10p4_S15.s2p
LQ_N2p5_R39_W12_S16,39.0,2.5,12,12.0,16.0,180.0,180.0,fdl/LQ_N2p5_R39_W12_S16.py,skill/LQ_N2p5_R39_W12_S16.il,gds/LQ_N2p5_R39_W12_S16.gds,s2p/LQ_N2p5_R39_W12_S16.s2p
LQ_N2p5_R54_W9p6_S14,54.0,2.5,12,9.6,14.0,180.0,180.0,fdl/LQ_N2p5_R54_W9p6_S14.py,skill/LQ_N2p5_R54_W9p6_S14.il,gds/LQ_N2p5_R54_W9p6_S14.gds,s2p/LQ_N2p5_R54_W9p6_S14.s2p
LQ_N2p5_R49_W10p4_S14,49.0,2.5,12,10.4,14.0,180.0,180.0,fdl/LQ_N2p5_R49_W10p4_S14.py,skill/LQ_N2p5_R49_W10p4_S14.il,gds/LQ_N2p5_R49_W10p4_S14.gds,s2p/LQ_N2p5_R49_W10p4_S14.s2p
LQ_N2p5_R51_W9p6_S12,51.0,2.5,12,9.6,12.0,180.0,180.0,fdl/LQ_N2p5_R51_W9p6_S12.py,skill/LQ_N2p5_R51_W9p6_S12.il,gds/LQ_N2p5_R51_W9p6_S12.gds,s2p/LQ_N2p5_R51_W9p6_S12.s2p
LQ_N2p5_R44_W10p4_S15,44.0,2.5,12,10.4,15.0,180.0,180.0,fdl/LQ_N2p5_R44_W10p4_S15.py,skill/LQ_N2p5_R44_W10p4_S15.il,gds/LQ_N2p5_R44_W10p4_S15.gds,s2p/LQ_N2p5_R44_W10p4_S15.s2p
LQ_N2p5_R38_W12_S16,38.0,2.5,12,12.0,16.0,180.0,180.0,fdl/LQ_N2p5_R38_W12_S16.py,skill/LQ_N2p5_R38_W12_S16.il,gds/LQ_N2p5_R38_W12_S16.gds,s2p/LQ_N2p5_R38_W12_S16.s2p
LQ_N2p5_R53_W9p6_S14,53.0,2.5,12,9.6,14.0,180.0,180.0,fdl/LQ_N2p5_R53_W9p6_S14.py,skill/LQ_N2p5_R53_W9p6_S14.il,gds/LQ_N2p5_R53_W9p6_S14.gds,s2p/LQ_N2p5_R53_W9p6_S14.s2p
LQ_N2p5_R43_W10p4_S15,43.0,2.5,12,10.4,15.0,180.0,180.0,fdl/LQ_N2p5_R43_W10p4_S15.py,skill/LQ_N2p5_R43_W10p4_S15.il,gds/LQ_N2p5_R43_W10p4_S15.gds,s2p/LQ_N2p5_R43_W10p4_S15.s2p
LQ_N2p5_R37_W12_S16,37.0,2.5,12,12.0,16.0,180.0,180.0,fdl/LQ_N2p5_R37_W12_S16.py,skill/LQ_N2p5_R37_W12_S16.il,gds/LQ_N2p5_R37_W12_S16.gds,s2p/LQ_N2p5_R37_W12_S16.s2p
LQ_N2p5_R52_W9p6_S14,52.0,2.5,12,9.6,14.0,180.0,180.0,fdl/LQ_N2p5_R52_W9p6_S14.py,skill/LQ_N2p5_R52_W9p6_S14.il,gds/LQ_N2p5_R52_W9p6_S14.gds,s2p/LQ_N2p5_R52_W9p6_S14.s2p
LQ_N2p5_R47_W10p4_S14,47.0,2.5,12,10.4,14.0,180.0,180.0,fdl/LQ_N2p5_R47_W10p4_S14.py,skill/LQ_N2p5_R47_W10p4_S14.il,gds/LQ_N2p5_R47_W10p4_S14.gds,s2p/LQ_N2p5_R47_W10p4_S14.s2p
LQ_N2p5_R49_W9p6_S12,49.0,2.5,12,9.6,12.0,180.0,180.0,fdl/LQ_N2p5_R49_W9p6_S12.py,skill/LQ_N2p5_R49_W9p6_S12.il,gds/LQ_N2p5_R49_W9p6_S12.gds,s2p/LQ_N2p5_R49_W9p6_S12.s2p
LQ_N2p5_R42_W10p4_S15,42.0,2.5,12,10.4,15.0,180.0,180.0,fdl/LQ_N2p5_R42_W10p4_S15.py,skill/LQ_N2p5_R42_W10p4_S15.il,gds/LQ_N2p5_R42_W10p4_S15.gds,s2p/LQ_N2p5_R42_W10p4_S15.s2p
LQ_N2p5_R41_W11p2_S15,41.0,2.5,12,11.2,15.0,180.0,180.0,fdl/LQ_N2p5_R41_W11p2_S15.py,skill/LQ_N2p5_R41_W11p2_S15.il,gds/LQ_N2p5_R41_W11p2_S15.gds,s2p/LQ_N2p5_R41_W11p2_S15.s2p
LQ_N2p5_R36_W12_S16,36.0,2.5,12,12.0,16.0,180.0,180.0,fdl/LQ_N2p5_R36_W12_S16.py,skill/LQ_N2p5_R36_W12_S16.il,gds/LQ_N2p5_R36_W12_S16.gds,s2p/LQ_N2p5_R36_W12_S16.s2p
LQ_N2p5_R41_W10p4_S15,41.0,2.5,12,10.4,15.0,180.0,180.0,fdl/LQ_N2p5_R41_W10p4_S15.py,skill/LQ_N2p5_R41_W10p4_S15.il,gds/LQ_N2p5_R41_W10p4_S15.gds,s2p/LQ_N2p5_R41_W10p4_S15.s2p
LQ_N2p5_R40_W11p2_S15,40.0,2.5,12,11.2,15.0,180.0,180.0,fdl/LQ_N2p5_R40_W11p2_S15.py,skill/LQ_N2p5_R40_W11p2_S15.il,gds/LQ_N2p5_R40_W11p2_S15.gds,s2p/LQ_N2p5_R40_W11p2_S15.s2p
LQ_N2p5_R45_W10p4_S14,45.0,2.5,12,10.4,14.0,180.0,180.0,fdl/LQ_N2p5_R45_W10p4_S14.py,skill/LQ_N2p5_R45_W10p4_S14.il,gds/LQ_N2p5_R45_W10p4_S14.gds,s2p/LQ_N2p5_R45_W10p4_S14.s2p
LQ_N2p5_R47_W9p6_S12,47.0,2.5,12,9.6,12.0,180.0,180.0,fdl/LQ_N2p5_R47_W9p6_S12.py,skill/LQ_N2p5_R47_W9p6_S12.il,gds/LQ_N2p5_R47_W9p6_S12.gds,s2p/LQ_N2p5_R47_W9p6_S12.s2p
LQ_N2p5_R43_W11p2_S14,43.0,2.5,12,11.2,14.0,180.0,180.0,fdl/LQ_N2p5_R43_W11p2_S14.py,skill/LQ_N2p5_R43_W11p2_S14.il,gds/LQ_N2p5_R43_W11p2_S14.gds,s2p/LQ_N2p5_R43_W11p2_S14.s2p
LQ_N2p5_R40_W10p4_S15,40.0,2.5,12,10.4,15.0,180.0,180.0,fdl/LQ_N2p5_R40_W10p4_S15.py,skill/LQ_N2p5_R40_W10p4_S15.il,gds/LQ_N2p5_R40_W10p4_S15.gds,s2p/LQ_N2p5_R40_W10p4_S15.s2p
LQ_N2p5_R39_W11p2_S15,39.0,2.5,12,11.2,15.0,180.0,180.0,fdl/LQ_N2p5_R39_W11p2_S15.py,skill/LQ_N2p5_R39_W11p2_S15.il,gds/LQ_N2p5_R39_W11p2_S15.gds,s2p/LQ_N2p5_R39_W11p2_S15.s2p
LQ_N2p5_R44_W10p4_S14,44.0,2.5,12,10.4,14.0,180.0,180.0,fdl/LQ_N2p5_R44_W10p4_S14.py,skill/LQ_N2p5_R44_W10p4_S14.il,gds/LQ_N2p5_R44_W10p4_S14.gds,s2p/LQ_N2p5_R44_W10p4_S14.s2p
LQ_N2p5_R42_W11p2_S14,42.0,2.5,12,11.2,14.0,180.0,180.0,fdl/LQ_N2p5_R42_W11p2_S14.py,skill/LQ_N2p5_R42_W11p2_S14.il,gds/LQ_N2p5_R42_W11p2_S14.gds,s2p/LQ_N2p5_R42_W11p2_S14.s2p
LQ_N2p5_R39_W10p4_S15,39.0,2.5,12,10.4,15.0,180.0,180.0,fdl/LQ_N2p5_R39_W10p4_S15.py,skill/LQ_N2p5_R39_W10p4_S15.il,gds/LQ_N2p5_R39_W10p4_S15.gds,s2p/LQ_N2p5_R39_W10p4_S15.s2p
LQ_N2p5_R38_W11p2_S15,38.0,2.5,12,11.2,15.0,180.0,180.0,fdl/LQ_N2p5_R38_W11p2_S15.py,skill/LQ_N2p5_R38_W11p2_S15.il,gds/LQ_N2p5_R38_W11p2_S15.gds,s2p/LQ_N2p5_R38_W11p2_S15.s2p
LQ_N2p5_R43_W10p4_S14,43.0,2.5,12,10.4,14.0,180.0,180.0,fdl/LQ_N2p5_R43_W10p4_S14.py,skill/LQ_N2p5_R43_W10p4_S14.il,gds/LQ_N2p5_R43_W10p4_S14.gds,s2p/LQ_N2p5_R43_W10p4_S14.s2p
LQ_N2p5_R45_W9p6_S12,45.0,2.5,12,9.6,12.0,180.0,180.0,fdl/LQ_N2p5_R45_W9p6_S12.py,skill/LQ_N2p5_R45_W9p6_S12.il,gds/LQ_N2p5_R45_W9p6_S12.gds,s2p/LQ_N2p5_R45_W9p6_S12.s2p
LQ_N2p5_R41_W11p2_S14,41.0,2.5,12,11.2,14.0,180.0,180.0,fdl/LQ_N2p5_R41_W11p2_S14.py,skill/LQ_N2p5_R41_W11p2_S14.il,gds/LQ_N2p5_R41_W11p2_S14.gds,s2p/LQ_N2p5_R41_W11p2_S14.s2p
LQ_N2p5_R38_W10p4_S15,38.0,2.5,12,10.4,15.0,180.0,180.0,fdl/LQ_N2p5_R38_W10p4_S15.py,skill/LQ_N2p5_R38_W10p4_S15.il,gds/LQ_N2p5_R38_W10p4_S15.gds,s2p/LQ_N2p5_R38_W10p4_S15.s2p
LQ_N2p5_R37_W11p2_S15,37.0,2.5,12,11.2,15.0,180.0,180.0,fdl/LQ_N2p5_R37_W11p2_S15.py,skill/LQ_N2p5_R37_W11p2_S15.il,gds/LQ_N2p5_R37_W11p2_S15.gds,s2p/LQ_N2p5_R37_W11p2_S15.s2p
LQ_N2p5_R42_W10p4_S14,42.0,2.5,12,10.4,14.0,180.0,180.0,fdl/LQ_N2p5_R42_W10p4_S14.py,skill/LQ_N2p5_R42_W10p4_S14.il,gds/LQ_N2p5_R42_W10p4_S14.gds,s2p/LQ_N2p5_R42_W10p4_S14.s2p
LQ_N2p5_R44_W9p6_S12,44.0,2.5,12,9.6,12.0,180.0,180.0,fdl/LQ_N2p5_R44_W9p6_S12.py,skill/LQ_N2p5_R44_W9p6_S12.il,gds/LQ_N2p5_R44_W9p6_S12.gds,s2p/LQ_N2p5_R44_W9p6_S12.s2p
LQ_N2p5_R40_W11p2_S14,40.0,2.5,12,11.2,14.0,180.0,180.0,fdl/LQ_N2p5_R40_W11p2_S14.py,skill/LQ_N2p5_R40_W11p2_S14.il,gds/LQ_N2p5_R40_W11p2_S14.gds,s2p/LQ_N2p5_R40_W11p2_S14.s2p
LQ_N2p5_R36_W11p2_S15,36.0,2.5,12,11.2,15.0,180.0,180.0,fdl/LQ_N2p5_R36_W11p2_S15.py,skill/LQ_N2p5_R36_W11p2_S15.il,gds/LQ_N2p5_R36_W11p2_S15.gds,s2p/LQ_N2p5_R36_W11p2_S15.s2p
LQ_N2p5_R41_W10p4_S14,41.0,2.5,12,10.4,14.0,180.0,180.0,fdl/LQ_N2p5_R41_W10p4_S14.py,skill/LQ_N2p5_R41_W10p4_S14.il,gds/LQ_N2p5_R41_W10p4_S14.gds,s2p/LQ_N2p5_R41_W10p4_S14.s2p
LQ_N2p5_R43_W9p6_S12,43.0,2.5,12,9.6,12.0,180.0,180.0,fdl/LQ_N2p5_R43_W9p6_S12.py,skill/LQ_N2p5_R43_W9p6_S12.il,gds/LQ_N2p5_R43_W9p6_S12.gds,s2p/LQ_N2p5_R43_W9p6_S12.s2p
LQ_N2p5_R39_W11p2_S14,39.0,2.5,12,11.2,14.0,180.0,180.0,fdl/LQ_N2p5_R39_W11p2_S14.py,skill/LQ_N2p5_R39_W11p2_S14.il,gds/LQ_N2p5_R39_W11p2_S14.gds,s2p/LQ_N2p5_R39_W11p2_S14.s2p
LQ_N2p5_R40_W10p4_S14,40.0,2.5,12,10.4,14.0,180.0,180.0,fdl/LQ_N2p5_R40_W10p4_S14.py,skill/LQ_N2p5_R40_W10p4_S14.il,gds/LQ_N2p5_R40_W10p4_S14.gds,s2p/LQ_N2p5_R40_W10p4_S14.s2p
LQ_N2p5_R42_W9p6_S12,42.0,2.5,12,9.6,12.0,180.0,180.0,fdl/LQ_N2p5_R42_W9p6_S12.py,skill/LQ_N2p5_R42_W9p6_S12.il,gds/LQ_N2p5_R42_W9p6_S12.gds,s2p/LQ_N2p5_R42_W9p6_S12.s2p
LQ_N2p5_R38_W11p2_S14,38.0,2.5,12,11.2,14.0,180.0,180.0,fdl/LQ_N2p5_R38_W11p2_S14.py,skill/LQ_N2p5_R38_W11p2_S14.il,gds/LQ_N2p5_R38_W11p2_S14.gds,s2p/LQ_N2p5_R38_W11p2_S14.s2p
LQ_N2p5_R41_W9p6_S12,41.0,2.5,12,9.6,12.0,180.0,180.0,fdl/LQ_N2p5_R41_W9p6_S12.py,skill/LQ_N2p5_R41_W9p6_S12.il,gds/LQ_N2p5_R41_W9p6_S12.gds,s2p/LQ_N2p5_R41_W9p6_S12.s2p
LQ_N2p5_R75_W12_S18,75.0,2.5,12,12.0,18.0,180.0,180.0,fdl/LQ_N2p5_R75_W12_S18.py,skill/LQ_N2p5_R75_W12_S18.il,gds/LQ_N2p5_R75_W12_S18.gds,s2p/LQ_N2p5_R75_W12_S18.s2p
LQ_N2p5_R74_W12_S18,74.0,2.5,12,12.0,18.0,180.0,180.0,fdl/LQ_N2p5_R74_W12_S18.py,skill/LQ_N2p5_R74_W12_S18.il,gds/LQ_N2p5_R74_W12_S18.gds,s2p/LQ_N2p5_R74_W12_S18.s2p
LQ_N2p5_R73_W12_S18,73.0,2.5,12,12.0,18.0,180.0,180.0,fdl/LQ_N2p5_R73_W12_S18.py,skill/LQ_N2p5_R73_W12_S18.il,gds/LQ_N2p5_R73_W12_S18.gds,s2p/LQ_N2p5_R73_W12_S18.s2p
LQ_N2p5_R72_W12_S18,72.0,2.5,12,12.0,18.0,180.0,180.0,fdl/LQ_N2p5_R72_W12_S18.py,skill/LQ_N2p5_R72_W12_S18.il,gds/LQ_N2p5_R72_W12_S18.gds,s2p/LQ_N2p5_R72_W12_S18.s2p
LQ_N2p5_R71_W12_S18,71.0,2.5,12,12.0,18.0,180.0,180.0,fdl/LQ_N2p5_R71_W12_S18.py,skill/LQ_N2p5_R71_W12_S18.il,gds/LQ_N2p5_R71_W12_S18.gds,s2p/LQ_N2p5_R71_W12_S18.s2p
LQ_N2p5_R70_W12_S18,70.0,2.5,12,12.0,18.0,180.0,180.0,fdl/LQ_N2p5_R70_W12_S18.py,skill/LQ_N2p5_R70_W12_S18.il,gds/LQ_N2p5_R70_W12_S18.gds,s2p/LQ_N2p5_R70_W12_S18.s2p
LQ_N2p5_R69_W12_S18,69.0,2.5,12,12.0,18.0,180.0,180.0,fdl/LQ_N2p5_R69_W12_S18.py,skill/LQ_N2p5_R69_W12_S18.il,gds/LQ_N2p5_R69_W12_S18.gds,s2p/LQ_N2p5_R69_W12_S18.s2p
LQ_N2p5_R68_W12_S18,68.0,2.5,12,12.0,18.0,180.0,180.0,fdl/LQ_N2p5_R68_W12_S18.py,skill/LQ_N2p5_R68_W12_S18.il,gds/LQ_N2p5_R68_W12_S18.gds,s2p/LQ_N2p5_R68_W12_S18.s2p
LQ_N2p5_R90_W12_S16,90.0,2.5,12,12.0,16.0,180.0,180.0,fdl/LQ_N2p5_R90_W12_S16.py,skill/LQ_N2p5_R90_W12_S16.il,gds/LQ_N2p5_R90_W12_S16.gds,s2p/LQ_N2p5_R90_W12_S16.s2p
LQ_N2p5_R89_W12_S16,89.0,2.5,12,12.0,16.0,180.0,180.0,fdl/LQ_N2p5_R89_W12_S16.py,skill/LQ_N2p5_R89_W12_S16.il,gds/LQ_N2p5_R89_W12_S16.gds,s2p/LQ_N2p5_R89_W12_S16.s2p
LQ_N2p5_R88_W12_S16,88.0,2.5,12,12.0,16.0,180.0,180.0,fdl/LQ_N2p5_R88_W12_S16.py,skill/LQ_N2p5_R88_W12_S16.il,gds/LQ_N2p5_R88_W12_S16.gds,s2p/LQ_N2p5_R88_W12_S16.s2p
LQ_N2p5_R87_W12_S16,87.0,2.5,12,12.0,16.0,180.0,180.0,fdl/LQ_N2p5_R87_W12_S16.py,skill/LQ_N2p5_R87_W12_S16.il,gds/LQ_N2p5_R87_W12_S16.gds,s2p/LQ_N2p5_R87_W12_S16.s2p
LQ_N2p5_R86_W12_S16,86.0,2.5,12,12.0,16.0,180.0,180.0,fdl/LQ_N2p5_R86_W12_S16.py,skill/LQ_N2p5_R86_W12_S16.il,gds/LQ_N2p5_R86_W12_S16.gds,s2p/LQ_N2p5_R86_W12_S16.s2p
LQ_N2p5_R85_W12_S16,85.0,2.5,12,12.0,16.0,180.0,180.0,fdl/LQ_N2p5_R85_W12_S16.py,skill/LQ_N2p5_R85_W12_S16.il,gds/LQ_N2p5_R85_W12_S16.gds,s2p/LQ_N2p5_R85_W12_S16.s2p
LQ_N2p5_R84_W12_S16,84.0,2.5,12,12.0,16.0,180.0,180.0,fdl/LQ_N2p5_R84_W12_S16.py,skill/LQ_N2p5_R84_W12_S16.il,gds/LQ_N2p5_R84_W12_S16.gds,s2p/LQ_N2p5_R84_W12_S16.s2p
LQ_N2p5_R83_W12_S16,83.0,2.5,12,12.0,16.0,180.0,180.0,fdl/LQ_N2p5_R83_W12_S16.py,skill/LQ_N2p5_R83_W12_S16.il,gds/LQ_N2p5_R83_W12_S16.gds,s2p/LQ_N2p5_R83_W12_S16.s2p
LQ_N2p5_R80_W11p2_S16,80.0,2.5,12,11.2,16.0,180.0,180.0,fdl/LQ_N2p5_R80_W11p2_S16.py,skill/LQ_N2p5_R80_W11p2_S16.il,gds/LQ_N2p5_R80_W11p2_S16.gds,s2p/LQ_N2p5_R80_W11p2_S16.s2p
LQ_N2p5_R79_W11p2_S16,79.0,2.5,12,11.2,16.0,180.0,180.0,fdl/LQ_N2p5_R79_W11p2_S16.py,skill/LQ_N2p5_R79_W11p2_S16.il,gds/LQ_N2p5_R79_W11p2_S16.gds,s2p/LQ_N2p5_R79_W11p2_S16.s2p
LQ_N2p5_R78_W11p2_S16,78.0,2.5,12,11.2,16.0,180.0,180.0,fdl/LQ_N2p5_R78_W11p2_S16.py,skill/LQ_N2p5_R78_W11p2_S16.il,gds/LQ_N2p5_R78_W11p2_S16.gds,s2p/LQ_N2p5_R78_W11p2_S16.s2p
LQ_N2p5_R77_W11p2_S16,77.0,2.5,12,11.2,16.0,180.0,180.0,fdl/LQ_N2p5_R77_W11p2_S16.py,skill/LQ_N2p5_R77_W11p2_S16.il,gds/LQ_N2p5_R77_W11p2_S16.gds,s2p/LQ_N2p5_R77_W11p2_S16.s2p
LQ_N2p5_R76_W11p2_S16,76.0,2.5,12,11.2,16.0,180.0,180.0,fdl/LQ_N2p5_R76_W11p2_S16.py,skill/LQ_N2p5_R76_W11p2_S16.il,gds/LQ_N2p5_R76_W11p2_S16.gds,s2p/LQ_N2p5_R76_W11p2_S16.s2p
LQ_N2p5_R75_W11p2_S16,75.0,2.5,12,11.2,16.0,180.0,180.0,fdl/LQ_N2p5_R75_W11p2_S16.py,skill/LQ_N2p5_R75_W11p2_S16.il,gds/LQ_N2p5_R75_W11p2_S16.gds,s2p/LQ_N2p5_R75_W11p2_S16.s2p
LQ_N2p5_R74_W11p2_S16,74.0,2.5,12,11.2,16.0,180.0,180.0,fdl/LQ_N2p5_R74_W11p2_S16.py,skill/LQ_N2p5_R74_W11p2_S16.il,gds/LQ_N2p5_R74_W11p2_S16.gds,s2p/LQ_N2p5_R74_W11p2_S16.s2p
LQ_N2p5_R73_W11p2_S16,73.0,2.5,12,11.2,16.0,180.0,180.0,fdl/LQ_N2p5_R73_W11p2_S16.py,skill/LQ_N2p5_R73_W11p2_S16.il,gds/LQ_N2p5_R73_W11p2_S16.gds,s2p/LQ_N2p5_R73_W11p2_S16.s2p
LQ_N2p5_R74_W11p2_S15,74.0,2.5,12,11.2,15.0,180.0,180.0,fdl/LQ_N2p5_R74_W11p2_S15.py,skill/LQ_N2p5_R74_W11p2_S15.il,gds/LQ_N2p5_R74_W11p2_S15.gds,s2p/LQ_N2p5_R74_W11p2_S15.s2p
LQ_N2p5_R73_W11p2_S15,73.0,2.5,12,11.2,15.0,180.0,180.0,fdl/LQ_N2p5_R73_W11p2_S15.py,skill/LQ_N2p5_R73_W11p2_S15.il,gds/LQ_N2p5_R73_W11p2_S15.gds,s2p/LQ_N2p5_R73_W11p2_S15.s2p
LQ_N2p5_R72_W11p2_S15,72.0,2.5,12,11.2,15.0,180.0,180.0,fdl/LQ_N2p5_R72_W11p2_S15.py,skill/LQ_N2p5_R72_W11p2_S15.il,gds/LQ_N2p5_R72_W11p2_S15.gds,s2p/LQ_N2p5_R72_W11p2_S15.s2p
LQ_N2p5_R72_W10p4_S15,72.0,2.5,12,10.4,15.0,180.0,180.0,fdl/LQ_N2p5_R72_W10p4_S15.py,skill/LQ_N2p5_R72_W10p4_S15.il,gds/LQ_N2p5_R72_W10p4_S15.gds,s2p/LQ_N2p5_R72_W10p4_S15.s2p
LQ_N2p5_R71_W11p2_S15,71.0,2.5,12,11.2,15.0,180.0,180.0,fdl/LQ_N2p5_R71_W11p2_S15.py,skill/LQ_N2p5_R71_W11p2_S15.il,gds/LQ_N2p5_R71_W11p2_S15.gds,s2p/LQ_N2p5_R71_W11p2_S15.s2p
LQ_N2p5_R71_W10p4_S15,71.0,2.5,12,10.4,15.0,180.0,180.0,fdl/LQ_N2p5_R71_W10p4_S15.py,skill/LQ_N2p5_R71_W10p4_S15.il,gds/LQ_N2p5_R71_W10p4_S15.gds,s2p/LQ_N2p5_R71_W10p4_S15.s2p
LQ_N2p5_R70_W11p2_S15,70.0,2.5,12,11.2,15.0,180.0,180.0,fdl/LQ_N2p5_R70_W11p2_S15.py,skill/LQ_N2p5_R70_W11p2_S15.il,gds/LQ_N2p5_R70_W11p2_S15.gds,s2p/LQ_N2p5_R70_W11p2_S15.s2p
LQ_N2p5_R70_W10p4_S15,70.0,2.5,12,10.4,15.0,180.0,180.0,fdl/LQ_N2p5_R70_W10p4_S15.py,skill/LQ_N2p5_R70_W10p4_S15.il,gds/LQ_N2p5_R70_W10p4_S15.gds,s2p/LQ_N2p5_R70_W10p4_S15.s2p
LQ_N2p5_R69_W11p2_S15,69.0,2.5,12,11.2,15.0,180.0,180.0,fdl/LQ_N2p5_R69_W11p2_S15.py,skill/LQ_N2p5_R69_W11p2_S15.il,gds/LQ_N2p5_R69_W11p2_S15.gds,s2p/LQ_N2p5_R69_W11p2_S15.s2p
LQ_N2p5_R69_W10p4_S15,69.0,2.5,12,10.4,15.0,180.0,180.0,fdl/LQ_N2p5_R69_W10p4_S15.py,skill/LQ_N2p5_R69_W10p4_S15.il,gds/LQ_N2p5_R69_W10p4_S15.gds,s2p/LQ_N2p5_R69_W10p4_S15.s2p
LQ_N2p5_R68_W11p2_S15,68.0,2.5,12,11.2,15.0,180.0,180.0,fdl/LQ_N2p5_R68_W11p2_S15.py,skill/LQ_N2p5_R68_W11p2_S15.il,gds/LQ_N2p5_R68_W11p2_S15.gds,s2p/LQ_N2p5_R68_W11p2_S15.s2p
LQ_N2p5_R68_W10p4_S15,68.0,2.5,12,10.4,15.0,180.0,180.0,fdl/LQ_N2p5_R68_W10p4_S15.py,skill/LQ_N2p5_R68_W10p4_S15.il,gds/LQ_N2p5_R68_W10p4_S15.gds,s2p/LQ_N2p5_R68_W10p4_S15.s2p
LQ_N2p5_R67_W11p2_S15,67.0,2.5,12,11.2,15.0,180.0,180.0,fdl/LQ_N2p5_R67_W11p2_S15.py,skill/LQ_N2p5_R67_W11p2_S15.il,gds/LQ_N2p5_R67_W11p2_S15.gds,s2p/LQ_N2p5_R67_W11p2_S15.s2p
LQ_N2p5_R70_W11p2_S14,70.0,2.5,12,11.2,14.0,180.0,180.0,fdl/LQ_N2p5_R70_W11p2_S14.py,skill/LQ_N2p5_R70_W11p2_S14.il,gds/LQ_N2p5_R70_W11p2_S14.gds,s2p/LQ_N2p5_R70_W11p2_S14.s2p
LQ_N2p5_R67_W10p4_S15,67.0,2.5,12,10.4,15.0,180.0,180.0,fdl/LQ_N2p5_R67_W10p4_S15.py,skill/LQ_N2p5_R67_W10p4_S15.il,gds/LQ_N2p5_R67_W10p4_S15.gds,s2p/LQ_N2p5_R67_W10p4_S15.s2p
LQ_N2p5_R71_W10p4_S14,71.0,2.5,12,10.4,14.0,180.0,180.0,fdl/LQ_N2p5_R71_W10p4_S14.py,skill/LQ_N2p5_R71_W10p4_S14.il,gds/LQ_N2p5_R71_W10p4_S14.gds,s2p/LQ_N2p5_R71_W10p4_S14.s2p
LQ_N2p5_R69_W11p2_S14,69.0,2.5,12,11.2,14.0,180.0,180.0,fdl/LQ_N2p5_R69_W11p2_S14.py,skill/LQ_N2p5_R69_W11p2_S14.il,gds/LQ_N2p5_R69_W11p2_S14.gds,s2p/LQ_N2p5_R69_W11p2_S14.s2p
LQ_N2p5_R66_W10p4_S15,66.0,2.5,12,10.4,15.0,180.0,180.0,fdl/LQ_N2p5_R66_W10p4_S15.py,skill/LQ_N2p5_R66_W10p4_S15.il,gds/LQ_N2p5_R66_W10p4_S15.gds,s2p/LQ_N2p5_R66_W10p4_S15.s2p
LQ_N2p5_R68_W11p2_S14,68.0,2.5,12,11.2,14.0,180.0,180.0,fdl/LQ_N2p5_R68_W11p2_S14.py,skill/LQ_N2p5_R68_W11p2_S14.il,gds/LQ_N2p5_R68_W11p2_S14.gds,s2p/LQ_N2p5_R68_W11p2_S14.s2p
LQ_N2p5_R65_W10p4_S15,65.0,2.5,12,10.4,15.0,180.0,180.0,fdl/LQ_N2p5_R65_W10p4_S15.py,skill/LQ_N2p5_R65_W10p4_S15.il,gds/LQ_N2p5_R65_W10p4_S15.gds,s2p/LQ_N2p5_R65_W10p4_S15.s2p
LQ_N2p5_R74_W9p6_S14,74.0,2.5,12,9.6,14.0,180.0,180.0,fdl/LQ_N2p5_R74_W9p6_S14.py,skill/LQ_N2p5_R74_W9p6_S14.il,gds/LQ_N2p5_R74_W9p6_S14.gds,s2p/LQ_N2p5_R74_W9p6_S14.s2p
LQ_N2p5_R69_W10p4_S14,69.0,2.5,12,10.4,14.0,180.0,180.0,fdl/LQ_N2p5_R69_W10p4_S14.py,skill/LQ_N2p5_R69_W10p4_S14.il,gds/LQ_N2p5_R69_W10p4_S14.gds,s2p/LQ_N2p5_R69_W10p4_S14.s2p
LQ_N2p5_R71_W9p6_S12,71.0,2.5,12,9.6,12.0,180.0,180.0,fdl/LQ_N2p5_R71_W9p6_S12.py,skill/LQ_N2p5_R71_W9p6_S12.il,gds/LQ_N2p5_R71_W9p6_S12.gds,s2p/LQ_N2p5_R71_W9p6_S12.s2p
LQ_N2p5_R67_W11p2_S14,67.0,2.5,12,11.2,14.0,180.0,180.0,fdl/LQ_N2p5_R67_W11p2_S14.py,skill/LQ_N2p5_R67_W11p2_S14.il,gds/LQ_N2p5_R67_W11p2_S14.gds,s2p/LQ_N2p5_R67_W11p2_S14.s2p
LQ_N2p5_R73_W9p6_S14,73.0,2.5,12,9.6,14.0,180.0,180.0,fdl/LQ_N2p5_R73_W9p6_S14.py,skill/LQ_N2p5_R73_W9p6_S14.il,gds/LQ_N2p5_R73_W9p6_S14.gds,s2p/LQ_N2p5_R73_W9p6_S14.s2p
LQ_N2p5_R66_W11p2_S14,66.0,2.5,12,11.2,14.0,180.0,180.0,fdl/LQ_N2p5_R66_W11p2_S14.py,skill/LQ_N2p5_R66_W11p2_S14.il,gds/LQ_N2p5_R66_W11p2_S14.gds,s2p/LQ_N2p5_R66_W11p2_S14.s2p
LQ_N2p5_R72_W9p6_S14,72.0,2.5,12,9.6,14.0,180.0,180.0,fdl/LQ_N2p5_R72_W9p6_S14.py,skill/LQ_N2p5_R72_W9p6_S14.il,gds/LQ_N2p5_R72_W9p6_S14.gds,s2p/LQ_N2p5_R72_W9p6_S14.s2p
LQ_N2p5_R67_W10p4_S14,67.0,2.5,12,10.4,14.0,180.0,180.0,fdl/LQ_N2p5_R67_W10p4_S14.py,skill/LQ_N2p5_R67_W10p4_S14.il,gds/LQ_N2p5_R67_W10p4_S14.gds,s2p/LQ_N2p5_R67_W10p4_S14.s2p
LQ_N2p5_R69_W9p6_S12,69.0,2.5,12,9.6,12.0,180.0,180.0,fdl/LQ_N2p5_R69_W9p6_S12.py,skill/LQ_N2p5_R69_W9p6_S12.il,gds/LQ_N2p5_R69_W9p6_S12.gds,s2p/LQ_N2p5_R69_W9p6_S12.s2p
LQ_N2p5_R65_W11p2_S14,65.0,2.5,12,11.2,14.0,180.0,180.0,fdl/LQ_N2p5_R65_W11p2_S14.py,skill/LQ_N2p5_R65_W11p2_S14.il,gds/LQ_N2p5_R65_W11p2_S14.gds,s2p/LQ_N2p5_R65_W11p2_S14.s2p
LQ_N2p5_R71_W9p6_S14,71.0,2.5,12,9.6,14.0,180.0,180.0,fdl/LQ_N2p5_R71_W9p6_S14.py,skill/LQ_N2p5_R71_W9p6_S14.il,gds/LQ_N2p5_R71_W9p6_S14.gds,s2p/LQ_N2p5_R71_W9p6_S14.s2p
LQ_N2p5_R64_W11p2_S14,64.0,2.5,12,11.2,14.0,180.0,180.0,fdl/LQ_N2p5_R64_W11p2_S14.py,skill/LQ_N2p5_R64_W11p2_S14.il,gds/LQ_N2p5_R64_W11p2_S14.gds,s2p/LQ_N2p5_R64_W11p2_S14.s2p
LQ_N2p5_R70_W9p6_S14,70.0,2.5,12,9.6,14.0,180.0,180.0,fdl/LQ_N2p5_R70_W9p6_S14.py,skill/LQ_N2p5_R70_W9p6_S14.il,gds/LQ_N2p5_R70_W9p6_S14.gds,s2p/LQ_N2p5_R70_W9p6_S14.s2p
LQ_N2p5_R65_W10p4_S14,65.0,2.5,12,10.4,14.0,180.0,180.0,fdl/LQ_N2p5_R65_W10p4_S14.py,skill/LQ_N2p5_R65_W10p4_S14.il,gds/LQ_N2p5_R65_W10p4_S14.gds,s2p/LQ_N2p5_R65_W10p4_S14.s2p
LQ_N2p5_R67_W9p6_S12,67.0,2.5,12,9.6,12.0,180.0,180.0,fdl/LQ_N2p5_R67_W9p6_S12.py,skill/LQ_N2p5_R67_W9p6_S12.il,gds/LQ_N2p5_R67_W9p6_S12.gds,s2p/LQ_N2p5_R67_W9p6_S12.s2p
LQ_N2p5_R63_W11p2_S14,63.0,2.5,12,11.2,14.0,180.0,180.0,fdl/LQ_N2p5_R63_W11p2_S14.py,skill/LQ_N2p5_R63_W11p2_S14.il,gds/LQ_N2p5_R63_W11p2_S14.gds,s2p/LQ_N2p5_R63_W11p2_S14.s2p
LQ_N2p5_R96_W11p2_S16,96.0,2.5,12,11.2,16.0,180.0,180.0,fdl/LQ_N2p5_R96_W11p2_S16.py,skill/LQ_N2p5_R96_W11p2_S16.il,gds/LQ_N2p5_R96_W11p2_S16.gds,s2p/LQ_N2p5_R96_W11p2_S16.s2p
LQ_N2p5_R95_W11p2_S16,95.0,2.5,12,11.2,16.0,180.0,180.0,fdl/LQ_N2p5_R95_W11p2_S16.py,skill/LQ_N2p5_R95_W11p2_S16.il,gds/LQ_N2p5_R95_W11p2_S16.gds,s2p/LQ_N2p5_R95_W11p2_S16.s2p
LQ_N2p5_R94_W11p2_S16,94.0,2.5,12,11.2,16.0,180.0,180.0,fdl/LQ_N2p5_R94_W11p2_S16.py,skill/LQ_N2p5_R94_W11p2_S16.il,gds/LQ_N2p5_R94_W11p2_S16.gds,s2p/LQ_N2p5_R94_W11p2_S16.s2p
LQ_N2p5_R96_W12_S16,96.0,2.5,12,12.0,16.0,180.0,180.0,fdl/LQ_N2p5_R96_W12_S16.py,skill/LQ_N2p5_R96_W12_S16.il,gds/LQ_N2p5_R96_W12_S16.gds,s2p/LQ_N2p5_R96_W12_S16.s2p
LQ_N2p5_R93_W11p2_S16,93.0,2.5,12,11.2,16.0,180.0,180.0,fdl/LQ_N2p5_R93_W11p2_S16.py,skill/LQ_N2p5_R93_W11p2_S16.il,gds/LQ_N2p5_R93_W11p2_S16.gds,s2p/LQ_N2p5_R93_W11p2_S16.s2p
LQ_N2p5_R95_W12_S16,95.0,2.5,12,12.0,16.0,180.0,180.0,fdl/LQ_N2p5_R95_W12_S16.py,skill/LQ_N2p5_R95_W12_S16.il,gds/LQ_N2p5_R95_W12_S16.gds,s2p/LQ_N2p5_R95_W12_S16.s2p
LQ_N2p5_R92_W11p2_S16,92.0,2.5,12,11.2,16.0,180.0,180.0,fdl/LQ_N2p5_R92_W11p2_S16.py,skill/LQ_N2p5_R92_W11p2_S16.il,gds/LQ_N2p5_R92_W11p2_S16.gds,s2p/LQ_N2p5_R92_W11p2_S16.s2p
LQ_N2p5_R94_W12_S16,94.0,2.5,12,12.0,16.0,180.0,180.0,fdl/LQ_N2p5_R94_W12_S16.py,skill/LQ_N2p5_R94_W12_S16.il,gds/LQ_N2p5_R94_W12_S16.gds,s2p/LQ_N2p5_R94_W12_S16.s2p
LQ_N2p5_R91_W11p2_S16,91.0,2.5,12,11.2,16.0,180.0,180.0,fdl/LQ_N2p5_R91_W11p2_S16.py,skill/LQ_N2p5_R91_W11p2_S16.il,gds/LQ_N2p5_R91_W11p2_S16.gds,s2p/LQ_N2p5_R91_W11p2_S16.s2p
LQ_N2p5_R93_W12_S16,93.0,2.5,12,12.0,16.0,180.0,180.0,fdl/LQ_N2p5_R93_W12_S16.py,skill/LQ_N2p5_R93_W12_S16.il,gds/LQ_N2p5_R93_W12_S16.gds,s2p/LQ_N2p5_R93_W12_S16.s2p
LQ_N2p5_R90_W11p2_S16,90.0,2.5,12,11.2,16.0,180.0,180.0,fdl/LQ_N2p5_R90_W11p2_S16.py,skill/LQ_N2p5_R90_W11p2_S16.il,gds/LQ_N2p5_R90_W11p2_S16.gds,s2p/LQ_N2p5_R90_W11p2_S16.s2p
LQ_N2p5_R92_W12_S16,92.0,2.5,12,12.0,16.0,180.0,180.0,fdl/LQ_N2p5_R92_W12_S16.py,skill/LQ_N2p5_R92_W12_S16.il,gds/LQ_N2p5_R92_W12_S16.gds,s2p/LQ_N2p5_R92_W12_S16.s2p
LQ_N2p5_R89_W11p2_S16,89.0,2.5,12,11.2,16.0,180.0,180.0,fdl/LQ_N2p5_R89_W11p2_S16.py,skill/LQ_N2p5_R89_W11p2_S16.il,gds/LQ_N2p5_R89_W11p2_S16.gds,s2p/LQ_N2p5_R89_W11p2_S16.s2p
LQ_N2p5_R96_W11p2_S15,96.0,2.5,12,11.2,15.0,180.0,180.0,fdl/LQ_N2p5_R96_W11p2_S15.py,skill/LQ_N2p5_R96_W11p2_S15.il,gds/LQ_N2p5_R96_W11p2_S15.gds,s2p/LQ_N2p5_R96_W11p2_S15.s2p
LQ_N2p5_R91_W12_S16,91.0,2.5,12,12.0,16.0,180.0,180.0,fdl/LQ_N2p5_R91_W12_S16.py,skill/LQ_N2p5_R91_W12_S16.il,gds/LQ_N2p5_R91_W12_S16.gds,s2p/LQ_N2p5_R91_W12_S16.s2p
LQ_N2p5_R95_W11p2_S15,95.0,2.5,12,11.2,15.0,180.0,180.0,fdl/LQ_N2p5_R95_W11p2_S15.py,skill/LQ_N2p5_R95_W11p2_S15.il,gds/LQ_N2p5_R95_W11p2_S15.gds,s2p/LQ_N2p5_R95_W11p2_S15.s2p
LQ_N2p5_R94_W11p2_S15,94.0,2.5,12,11.2,15.0,180.0,180.0,fdl/LQ_N2p5_R94_W11p2_S15.py,skill/LQ_N2p5_R94_W11p2_S15.il,gds/LQ_N2p5_R94_W11p2_S15.gds,s2p/LQ_N2p5_R94_W11p2_S15.s2p
LQ_N2p5_R93_W11p2_S15,93.0,2.5,12,11.2,15.0,180.0,180.0,fdl/LQ_N2p5_R93_W11p2_S15.py,skill/LQ_N2p5_R93_W11p2_S15.il,gds/LQ_N2p5_R93_W11p2_S15.gds,s2p/LQ_N2p5_R93_W11p2_S15.s2p
LQ_N2p5_R92_W11p2_S15,92.0,2.5,12,11.2,15.0,180.0,180.0,fdl/LQ_N2p5_R92_W11p2_S15.py,skill/LQ_N2p5_R92_W11p2_S15.il,gds/LQ_N2p5_R92_W11p2_S15.gds,s2p/LQ_N2p5_R92_W11p2_S15.s2p
LQ_N2p5_R92_W10p4_S15,92.0,2.5,12,10.4,15.0,180.0,180.0,fdl/LQ_N2p5_R92_W10p4_S15.py,skill/LQ_N2p5_R92_W10p4_S15.il,gds/LQ_N2p5_R92_W10p4_S15.gds,s2p/LQ_N2p5_R92_W10p4_S15.s2p
LQ_N2p5_R91_W11p2_S15,91.0,2.5,12,11.2,15.0,180.0,180.0,fdl/LQ_N2p5_R91_W11p2_S15.py,skill/LQ_N2p5_R91_W11p2_S15.il,gds/LQ_N2p5_R91_W11p2_S15.gds,s2p/LQ_N2p5_R91_W11p2_S15.s2p
LQ_N2p5_R91_W10p4_S15,91.0,2.5,12,10.4,15.0,180.0,180.0,fdl/LQ_N2p5_R91_W10p4_S15.py,skill/LQ_N2p5_R91_W10p4_S15.il,gds/LQ_N2p5_R91_W10p4_S15.gds,s2p/LQ_N2p5_R91_W10p4_S15.s2p
LQ_N2p5_R90_W11p2_S15,90.0,2.5,12,11.2,15.0,180.0,180.0,fdl/LQ_N2p5_R90_W11p2_S15.py,skill/LQ_N2p5_R90_W11p2_S15.il,gds/LQ_N2p5_R90_W11p2_S15.gds,s2p/LQ_N2p5_R90_W11p2_S15.s2p
LQ_N2p5_R90_W10p4_S15,90.0,2.5,12,10.4,15.0,180.0,180.0,fdl/LQ_N2p5_R90_W10p4_S15.py,skill/LQ_N2p5_R90_W10p4_S15.il,gds/LQ_N2p5_R90_W10p4_S15.gds,s2p/LQ_N2p5_R90_W10p4_S15.s2p
LQ_N2p5_R89_W11p2_S15,89.0,2.5,12,11.2,15.0,180.0,180.0,fdl/LQ_N2p5_R89_W11p2_S15.py,skill/LQ_N2p5_R89_W11p2_S15.il,gds/LQ_N2p5_R89_W11p2_S15.gds,s2p/LQ_N2p5_R89_W11p2_S15.s2p
LQ_N2p5_R89_W10p4_S15,89.0,2.5,12,10.4,15.0,180.0,180.0,fdl/LQ_N2p5_R89_W10p4_S15.py,skill/LQ_N2p5_R89_W10p4_S15.il,gds/LQ_N2p5_R89_W10p4_S15.gds,s2p/LQ_N2p5_R89_W10p4_S15.s2p
LQ_N2p5_R88_W10p4_S15,88.0,2.5,12,10.4,15.0,180.0,180.0,fdl/LQ_N2p5_R88_W10p4_S15.py,skill/LQ_N2p5_R88_W10p4_S15.il,gds/LQ_N2p5_R88_W10p4_S15.gds,s2p/LQ_N2p5_R88_W10p4_S15.s2p
LQ_N2p5_R90_W11p2_S14,90.0,2.5,12,11.2,14.0,180.0,180.0,fdl/LQ_N2p5_R90_W11p2_S14.py,skill/LQ_N2p5_R90_W11p2_S14.il,gds/LQ_N2p5_R90_W11p2_S14.gds,s2p/LQ_N2p5_R90_W11p2_S14.s2p
LQ_N2p5_R87_W10p4_S15,87.0,2.5,12,10.4,15.0,180.0,180.0,fdl/LQ_N2p5_R87_W10p4_S15.py,skill/LQ_N2p5_R87_W10p4_S15.il,gds/LQ_N2p5_R87_W10p4_S15.gds,s2p/LQ_N2p5_R87_W10p4_S15.s2p
LQ_N2p5_R89_W11p2_S14,89.0,2.5,12,11.2,14.0,180.0,180.0,fdl/LQ_N2p5_R89_W11p2_S14.py,skill/LQ_N2p5_R89_W11p2_S14.il,gds/LQ_N2p5_R89_W11p2_S14.gds,s2p/LQ_N2p5_R89_W11p2_S14.s2p
LQ_N2p5_R86_W10p4_S15,86.0,2.5,12,10.4,15.0,180.0,180.0,fdl/LQ_N2p5_R86_W10p4_S15.py,skill/LQ_N2p5_R86_W10p4_S15.il,gds/LQ_N2p5_R86_W10p4_S15.gds,s2p/LQ_N2p5_R86_W10p4_S15.s2p
LQ_N2p5_R88_W11p2_S14,88.0,2.5,12,11.2,14.0,180.0,180.0,fdl/LQ_N2p5_R88_W11p2_S14.py,skill/LQ_N2p5_R88_W11p2_S14.il,gds/LQ_N2p5_R88_W11p2_S14.gds,s2p/LQ_N2p5_R88_W11p2_S14.s2p
LQ_N2p5_R85_W10p4_S15,85.0,2.5,12,10.4,15.0,180.0,180.0,fdl/LQ_N2p5_R85_W10p4_S15.py,skill/LQ_N2p5_R85_W10p4_S15.il,gds/LQ_N2p5_R85_W10p4_S15.gds,s2p/LQ_N2p5_R85_W10p4_S15.s2p
LQ_N2p5_R87_W11p2_S14,87.0,2.5,12,11.2,14.0,180.0,180.0,fdl/LQ_N2p5_R87_W11p2_S14.py,skill/LQ_N2p5_R87_W11p2_S14.il,gds/LQ_N2p5_R87_W11p2_S14.gds,s2p/LQ_N2p5_R87_W11p2_S14.s2p
LQ_N2p5_R88_W10p4_S14,88.0,2.5,12,10.4,14.0,180.0,180.0,fdl/LQ_N2p5_R88_W10p4_S14.py,skill/LQ_N2p5_R88_W10p4_S14.il,gds/LQ_N2p5_R88_W10p4_S14.gds,s2p/LQ_N2p5_R88_W10p4_S14.s2p
LQ_N2p5_R84_W10p4_S12,84.0,2.5,12,10.4,12.0,180.0,180.0,fdl/LQ_N2p5_R84_W10p4_S12.py,skill/LQ_N2p5_R84_W10p4_S12.il,gds/LQ_N2p5_R84_W10p4_S12.gds,s2p/LQ_N2p5_R84_W10p4_S12.s2p
LQ_N2p5_R86_W11p2_S14,86.0,2.5,12,11.2,14.0,180.0,180.0,fdl/LQ_N2p5_R86_W11p2_S14.py,skill/LQ_N2p5_R86_W11p2_S14.il,gds/LQ_N2p5_R86_W11p2_S14.gds,s2p/LQ_N2p5_R86_W11p2_S14.s2p
LQ_N2p5_R87_W10p4_S14,87.0,2.5,12,10.4,14.0,180.0,180.0,fdl/LQ_N2p5_R87_W10p4_S14.py,skill/LQ_N2p5_R87_W10p4_S14.il,gds/LQ_N2p5_R87_W10p4_S14.gds,s2p/LQ_N2p5_R87_W10p4_S14.s2p
LQ_N2p5_R83_W10p4_S12,83.0,2.5,12,10.4,12.0,180.0,180.0,fdl/LQ_N2p5_R83_W10p4_S12.py,skill/LQ_N2p5_R83_W10p4_S12.il,gds/LQ_N2p5_R83_W10p4_S12.gds,s2p/LQ_N2p5_R83_W10p4_S12.s2p
LQ_N2p5_R85_W11p2_S14,85.0,2.5,12,11.2,14.0,180.0,180.0,fdl/LQ_N2p5_R85_W11p2_S14.py,skill/LQ_N2p5_R85_W11p2_S14.il,gds/LQ_N2p5_R85_W11p2_S14.gds,s2p/LQ_N2p5_R85_W11p2_S14.s2p
LQ_N2p5_R86_W10p4_S14,86.0,2.5,12,10.4,14.0,180.0,180.0,fdl/LQ_N2p5_R86_W10p4_S14.py,skill/LQ_N2p5_R86_W10p4_S14.il,gds/LQ_N2p5_R86_W10p4_S14.gds,s2p/LQ_N2p5_R86_W10p4_S14.s2p
LQ_N2p5_R82_W10p4_S12,82.0,2.5,12,10.4,12.0,180.0,180.0,fdl/LQ_N2p5_R82_W10p4_S12.py,skill/LQ_N2p5_R82_W10p4_S12.il,gds/LQ_N2p5_R82_W10p4_S12.gds,s2p/LQ_N2p5_R82_W10p4_S12.s2p
LQ_N2p5_R88_W9p6_S12,88.0,2.5,12,9.6,12.0,180.0,180.0,fdl/LQ_N2p5_R88_W9p6_S12.py,skill/LQ_N2p5_R88_W9p6_S12.il,gds/LQ_N2p5_R88_W9p6_S12.gds,s2p/LQ_N2p5_R88_W9p6_S12.s2p
LQ_N2p5_R84_W11p2_S14,84.0,2.5,12,11.2,14.0,180.0,180.0,fdl/LQ_N2p5_R84_W11p2_S14.py,skill/LQ_N2p5_R84_W11p2_S14.il,gds/LQ_N2p5_R84_W11p2_S14.gds,s2p/LQ_N2p5_R84_W11p2_S14.s2p
LQ_N2p5_R85_W10p4_S14,85.0,2.5,12,10.4,14.0,180.0,180.0,fdl/LQ_N2p5_R85_W10p4_S14.py,skill/LQ_N2p5_R85_W10p4_S14.il,gds/LQ_N2p5_R85_W10p4_S14.gds,s2p/LQ_N2p5_R85_W10p4_S14.s2p
LQ_N2p5_R81_W10p4_S12,81.0,2.5,12,10.4,12.0,180.0,180.0,fdl/LQ_N2p5_R81_W10p4_S12.py,skill/LQ_N2p5_R81_W10p4_S12.il,gds/LQ_N2p5_R81_W10p4_S12.gds,s2p/LQ_N2p5_R81_W10p4_S12.s2p
LQ_N2p5_R87_W9p6_S12,87.0,2.5,12,9.6,12.0,180.0,180.0,fdl/LQ_N2p5_R87_W9p6_S12.py,skill/LQ_N2p5_R87_W9p6_S12.il,gds/LQ_N2p5_R87_W9p6_S12.gds,s2p/LQ_N2p5_R87_W9p6_S12.s2p
LQ_N2p5_R83_W11p2_S14,83.0,2.5,12,11.2,14.0,180.0,180.0,fdl/LQ_N2p5_R83_W11p2_S14.py,skill/LQ_N2p5_R83_W11p2_S14.il,gds/LQ_N2p5_R83_W11p2_S14.gds,s2p/LQ_N2p5_R83_W11p2_S14.s2p
LQ_N2p5_R84_W10p4_S14,84.0,2.5,12,10.4,14.0,180.0,180.0,fdl/LQ_N2p5_R84_W10p4_S14.py,skill/LQ_N2p5_R84_W10p4_S14.il,gds/LQ_N2p5_R84_W10p4_S14.gds,s2p/LQ_N2p5_R84_W10p4_S14.s2p
LQ_N2p5_R80_W10p4_S12,80.0,2.5,12,10.4,12.0,180.0,180.0,fdl/LQ_N2p5_R80_W10p4_S12.py,skill/LQ_N2p5_R80_W10p4_S12.il,gds/LQ_N2p5_R80_W10p4_S12.gds,s2p/LQ_N2p5_R80_W10p4_S12.s2p
LQ_N2p5_R86_W9p6_S12,86.0,2.5,12,9.6,12.0,180.0,180.0,fdl/LQ_N2p5_R86_W9p6_S12.py,skill/LQ_N2p5_R86_W9p6_S12.il,gds/LQ_N2p5_R86_W9p6_S12.gds,s2p/LQ_N2p5_R86_W9p6_S12.s2p
LQ_N2p5_R83_W10p4_S14,83.0,2.5,12,10.4,14.0,180.0,180.0,fdl/LQ_N2p5_R83_W10p4_S14.py,skill/LQ_N2p5_R83_W10p4_S14.il,gds/LQ_N2p5_R83_W10p4_S14.gds,s2p/LQ_N2p5_R83_W10p4_S14.s2p
LQ_N2p5_R79_W10p4_S12,79.0,2.5,12,10.4,12.0,180.0,180.0,fdl/LQ_N2p5_R79_W10p4_S12.py,skill/LQ_N2p5_R79_W10p4_S12.il,gds/LQ_N2p5_R79_W10p4_S12.gds,s2p/LQ_N2p5_R79_W10p4_S12.s2p
LQ_N2p5_R85_W9p6_S12,85.0,2.5,12,9.6,12.0,180.0,180.0,fdl/LQ_N2p5_R85_W9p6_S12.py,skill/LQ_N2p5_R85_W9p6_S12.il,gds/LQ_N2p5_R85_W9p6_S12.gds,s2p/LQ_N2p5_R85_W9p6_S12.s2p
LQ_N2p5_R49_W12_S18,49.0,2.5,12,12.0,18.0,180.0,180.0,fdl/LQ_N2p5_R49_W12_S18.py,skill/LQ_N2p5_R49_W12_S18.il,gds/LQ_N2p5_R49_W12_S18.gds,s2p/LQ_N2p5_R49_W12_S18.s2p
LQ_N2p5_R87_W9p6_S14,87.0,2.5,12,9.6,14.0,180.0,180.0,fdl/LQ_N2p5_R87_W9p6_S14.py,skill/LQ_N2p5_R87_W9p6_S14.il,gds/LQ_N2p5_R87_W9p6_S14.gds,s2p/LQ_N2p5_R87_W9p6_S14.s2p
LQ_N2p5_R82_W10p4_S14,82.0,2.5,12,10.4,14.0,180.0,180.0,fdl/LQ_N2p5_R82_W10p4_S14.py,skill/LQ_N2p5_R82_W10p4_S14.il,gds/LQ_N2p5_R82_W10p4_S14.gds,s2p/LQ_N2p5_R82_W10p4_S14.s2p
LQ_N2p5_R78_W10p4_S12,78.0,2.5,12,10.4,12.0,180.0,180.0,fdl/LQ_N2p5_R78_W10p4_S12.py,skill/LQ_N2p5_R78_W10p4_S12.il,gds/LQ_N2p5_R78_W10p4_S12.gds,s2p/LQ_N2p5_R78_W10p4_S12.s2p
LQ_N2p5_R84_W9p6_S12,84.0,2.5,12,9.6,12.0,180.0,180.0,fdl/LQ_N2p5_R84_W9p6_S12.py,skill/LQ_N2p5_R84_W9p6_S12.il,gds/LQ_N2p5_R84_W9p6_S12.gds,s2p/LQ_N2p5_R84_W9p6_S12.s2p
LQ_N2p5_R48_W12_S18,48.0,2.5,12,12.0,18.0,180.0,180.0,fdl/LQ_N2p5_R48_W12_S18.py,skill/LQ_N2p5_R48_W12_S18.il,gds/LQ_N2p5_R48_W12_S18.gds,s2p/LQ_N2p5_R48_W12_S18.s2p
LQ_N2p5_R96_W10p4_S15,96.0,2.5,12,10.4,15.0,180.0,180.0,fdl/LQ_N2p5_R96_W10p4_S15.py,skill/LQ_N2p5_R96_W10p4_S15.il,gds/LQ_N2p5_R96_W10p4_S15.gds,s2p/LQ_N2p5_R96_W10p4_S15.s2p
LQ_N2p5_R96_W10p4_S12,96.0,2.5,12,10.4,12.0,180.0,180.0,fdl/LQ_N2p5_R96_W10p4_S12.py,skill/LQ_N2p5_R96_W10p4_S12.il,gds/LQ_N2p5_R96_W10p4_S12.gds,s2p/LQ_N2p5_R96_W10p4_S12.s2p
LQ_N2p5_R95_W10p4_S15,95.0,2.5,12,10.4,15.0,180.0,180.0,fdl/LQ_N2p5_R95_W10p4_S15.py,skill/LQ_N2p5_R95_W10p4_S15.il,gds/LQ_N2p5_R95_W10p4_S15.gds,s2p/LQ_N2p5_R95_W10p4_S15.s2p
LQ_N2p5_R95_W10p4_S12,95.0,2.5,12,10.4,12.0,180.0,180.0,fdl/LQ_N2p5_R95_W10p4_S12.py,skill/LQ_N2p5_R95_W10p4_S12.il,gds/LQ_N2p5_R95_W10p4_S12.gds,s2p/LQ_N2p5_R95_W10p4_S12.s2p
LQ_N2p5_R94_W10p4_S15,94.0,2.5,12,10.4,15.0,180.0,180.0,fdl/LQ_N2p5_R94_W10p4_S15.py,skill/LQ_N2p5_R94_W10p4_S15.il,gds/LQ_N2p5_R94_W10p4_S15.gds,s2p/LQ_N2p5_R94_W10p4_S15.s2p
LQ_N2p5_R94_W10p4_S12,94.0,2.5,12,10.4,12.0,180.0,180.0,fdl/LQ_N2p5_R94_W10p4_S12.py,skill/LQ_N2p5_R94_W10p4_S12.il,gds/LQ_N2p5_R94_W10p4_S12.gds,s2p/LQ_N2p5_R94_W10p4_S12.s2p
LQ_N2p5_R96_W11p2_S14,96.0,2.5,12,11.2,14.0,180.0,180.0,fdl/LQ_N2p5_R96_W11p2_S14.py,skill/LQ_N2p5_R96_W11p2_S14.il,gds/LQ_N2p5_R96_W11p2_S14.gds,s2p/LQ_N2p5_R96_W11p2_S14.s2p
LQ_N2p5_R93_W10p4_S15,93.0,2.5,12,10.4,15.0,180.0,180.0,fdl/LQ_N2p5_R93_W10p4_S15.py,skill/LQ_N2p5_R93_W10p4_S15.il,gds/LQ_N2p5_R93_W10p4_S15.gds,s2p/LQ_N2p5_R93_W10p4_S15.s2p
LQ_N2p5_R93_W10p4_S12,93.0,2.5,12,10.4,12.0,180.0,180.0,fdl/LQ_N2p5_R93_W10p4_S12.py,skill/LQ_N2p5_R93_W10p4_S12.il,gds/LQ_N2p5_R93_W10p4_S12.gds,s2p/LQ_N2p5_R93_W10p4_S12.s2p
LQ_N2p5_R95_W11p2_S14,95.0,2.5,12,11.2,14.0,180.0,180.0,fdl/LQ_N2p5_R95_W11p2_S14.py,skill/LQ_N2p5_R95_W11p2_S14.il,gds/LQ_N2p5_R95_W11p2_S14.gds,s2p/LQ_N2p5_R95_W11p2_S14.s2p
LQ_N2p5_R96_W10p4_S14,96.0,2.5,12,10.4,14.0,180.0,180.0,fdl/LQ_N2p5_R96_W10p4_S14.py,skill/LQ_N2p5_R96_W10p4_S14.il,gds/LQ_N2p5_R96_W10p4_S14.gds,s2p/LQ_N2p5_R96_W10p4_S14.s2p
LQ_N2p5_R92_W10p4_S12,92.0,2.5,12,10.4,12.0,180.0,180.0,fdl/LQ_N2p5_R92_W10p4_S12.py,skill/LQ_N2p5_R92_W10p4_S12.il,gds/LQ_N2p5_R92_W10p4_S12.gds,s2p/LQ_N2p5_R92_W10p4_S12.s2p
LQ_N2p5_R94_W11p2_S14,94.0,2.5,12,11.2,14.0,180.0,180.0,fdl/LQ_N2p5_R94_W11p2_S14.py,skill/LQ_N2p5_R94_W11p2_S14.il,gds/LQ_N2p5_R94_W11p2_S14.gds,s2p/LQ_N2p5_R94_W11p2_S14.s2p
LQ_N2p5_R95_W10p4_S14,95.0,2.5,12,10.4,14.0,180.0,180.0,fdl/LQ_N2p5_R95_W10p4_S14.py,skill/LQ_N2p5_R95_W10p4_S14.il,gds/LQ_N2p5_R95_W10p4_S14.gds,s2p/LQ_N2p5_R95_W10p4_S14.s2p
LQ_N2p5_R91_W10p4_S12,91.0,2.5,12,10.4,12.0,180.0,180.0,fdl/LQ_N2p5_R91_W10p4_S12.py,skill/LQ_N2p5_R91_W10p4_S12.il,gds/LQ_N2p5_R91_W10p4_S12.gds,s2p/LQ_N2p5_R91_W10p4_S12.s2p
LQ_N2p5_R93_W11p2_S14,93.0,2.5,12,11.2,14.0,180.0,180.0,fdl/LQ_N2p5_R93_W11p2_S14.py,skill/LQ_N2p5_R93_W11p2_S14.il,gds/LQ_N2p5_R93_W11p2_S14.gds,s2p/LQ_N2p5_R93_W11p2_S14.s2p
LQ_N2p5_R94_W10p4_S14,94.0,2.5,12,10.4,14.0,180.0,180.0,fdl/LQ_N2p5_R94_W10p4_S14.py,skill/LQ_N2p5_R94_W10p4_S14.il,gds/LQ_N2p5_R94_W10p4_S14.gds,s2p/LQ_N2p5_R94_W10p4_S14.s2p
LQ_N2p5_R90_W10p4_S12,90.0,2.5,12,10.4,12.0,180.0,180.0,fdl/LQ_N2p5_R90_W10p4_S12.py,skill/LQ_N2p5_R90_W10p4_S12.il,gds/LQ_N2p5_R90_W10p4_S12.gds,s2p/LQ_N2p5_R90_W10p4_S12.s2p
LQ_N2p5_R96_W9p6_S12,96.0,2.5,12,9.6,12.0,180.0,180.0,fdl/LQ_N2p5_R96_W9p6_S12.py,skill/LQ_N2p5_R96_W9p6_S12.il,gds/LQ_N2p5_R96_W9p6_S12.gds,s2p/LQ_N2p5_R96_W9p6_S12.s2p
LQ_N2p5_R92_W11p2_S14,92.0,2.5,12,11.2,14.0,180.0,180.0,fdl/LQ_N2p5_R92_W11p2_S14.py,skill/LQ_N2p5_R92_W11p2_S14.il,gds/LQ_N2p5_R92_W11p2_S14.gds,s2p/LQ_N2p5_R92_W11p2_S14.s2p
LQ_N2p5_R93_W10p4_S14,93.0,2.5,12,10.4,14.0,180.0,180.0,fdl/LQ_N2p5_R93_W10p4_S14.py,skill/LQ_N2p5_R93_W10p4_S14.il,gds/LQ_N2p5_R93_W10p4_S14.gds,s2p/LQ_N2p5_R93_W10p4_S14.s2p
LQ_N2p5_R89_W10p4_S12,89.0,2.5,12,10.4,12.0,180.0,180.0,fdl/LQ_N2p5_R89_W10p4_S12.py,skill/LQ_N2p5_R89_W10p4_S12.il,gds/LQ_N2p5_R89_W10p4_S12.gds,s2p/LQ_N2p5_R89_W10p4_S12.s2p
LQ_N2p5_R95_W9p6_S12,95.0,2.5,12,9.6,12.0,180.0,180.0,fdl/LQ_N2p5_R95_W9p6_S12.py,skill/LQ_N2p5_R95_W9p6_S12.il,gds/LQ_N2p5_R95_W9p6_S12.gds,s2p/LQ_N2p5_R95_W9p6_S12.s2p
LQ_N2p5_R91_W11p2_S14,91.0,2.5,12,11.2,14.0,180.0,180.0,fdl/LQ_N2p5_R91_W11p2_S14.py,skill/LQ_N2p5_R91_W11p2_S14.il,gds/LQ_N2p5_R91_W11p2_S14.gds,s2p/LQ_N2p5_R91_W11p2_S14.s2p
LQ_N2p5_R92_W10p4_S14,92.0,2.5,12,10.4,14.0,180.0,180.0,fdl/LQ_N2p5_R92_W10p4_S14.py,skill/LQ_N2p5_R92_W10p4_S14.il,gds/LQ_N2p5_R92_W10p4_S14.gds,s2p/LQ_N2p5_R92_W10p4_S14.s2p
LQ_N2p5_R94_W9p6_S12,94.0,2.5,12,9.6,12.0,180.0,180.0,fdl/LQ_N2p5_R94_W9p6_S12.py,skill/LQ_N2p5_R94_W9p6_S12.il,gds/LQ_N2p5_R94_W9p6_S12.gds,s2p/LQ_N2p5_R94_W9p6_S12.s2p
LQ_N3p5_R54_W12_S18,54.0,3.5,12,12.0,18.0,180.0,180.0,fdl/LQ_N3p5_R54_W12_S18.py,skill/LQ_N3p5_R54_W12_S18.il,gds/LQ_N3p5_R54_W12_S18.gds,s2p/LQ_N3p5_R54_W12_S18.s2p
LQ_N2p5_R96_W9p6_S14,96.0,2.5,12,9.6,14.0,180.0,180.0,fdl/LQ_N2p5_R96_W9p6_S14.py,skill/LQ_N2p5_R96_W9p6_S14.il,gds/LQ_N2p5_R96_W9p6_S14.gds,s2p/LQ_N2p5_R96_W9p6_S14.s2p
LQ_N2p5_R91_W10p4_S14,91.0,2.5,12,10.4,14.0,180.0,180.0,fdl/LQ_N2p5_R91_W10p4_S14.py,skill/LQ_N2p5_R91_W10p4_S14.il,gds/LQ_N2p5_R91_W10p4_S14.gds,s2p/LQ_N2p5_R91_W10p4_S14.s2p
LQ_N2p5_R93_W9p6_S12,93.0,2.5,12,9.6,12.0,180.0,180.0,fdl/LQ_N2p5_R93_W9p6_S12.py,skill/LQ_N2p5_R93_W9p6_S12.il,gds/LQ_N2p5_R93_W9p6_S12.gds,s2p/LQ_N2p5_R93_W9p6_S12.s2p
LQ_N3p5_R53_W12_S18,53.0,3.5,12,12.0,18.0,180.0,180.0,fdl/LQ_N3p5_R53_W12_S18.py,skill/LQ_N3p5_R53_W12_S18.il,gds/LQ_N3p5_R53_W12_S18.gds,s2p/LQ_N3p5_R53_W12_S18.s2p
LQ_N2p5_R95_W9p6_S14,95.0,2.5,12,9.6,14.0,180.0,180.0,fdl/LQ_N2p5_R95_W9p6_S14.py,skill/LQ_N2p5_R95_W9p6_S14.il,gds/LQ_N2p5_R95_W9p6_S14.gds,s2p/LQ_N2p5_R95_W9p6_S14.s2p
LQ_N2p5_R90_W10p4_S14,90.0,2.5,12,10.4,14.0,180.0,180.0,fdl/LQ_N2p5_R90_W10p4_S14.py,skill/LQ_N2p5_R90_W10p4_S14.il,gds/LQ_N2p5_R90_W10p4_S14.gds,s2p/LQ_N2p5_R90_W10p4_S14.s2p
LQ_N2p5_R92_W9p6_S12,92.0,2.5,12,9.6,12.0,180.0,180.0,fdl/LQ_N2p5_R92_W9p6_S12.py,skill/LQ_N2p5_R92_W9p6_S12.il,gds/LQ_N2p5_R92_W9p6_S12.gds,s2p/LQ_N2p5_R92_W9p6_S12.s2p
LQ_N3p5_R52_W12_S18,52.0,3.5,12,12.0,18.0,180.0,180.0,fdl/LQ_N3p5_R52_W12_S18.py,skill/LQ_N3p5_R52_W12_S18.il,gds/LQ_N3p5_R52_W12_S18.gds,s2p/LQ_N3p5_R52_W12_S18.s2p
LQ_N2p5_R94_W9p6_S14,94.0,2.5,12,9.6,14.0,180.0,180.0,fdl/LQ_N2p5_R94_W9p6_S14.py,skill/LQ_N2p5_R94_W9p6_S14.il,gds/LQ_N2p5_R94_W9p6_S14.gds,s2p/LQ_N2p5_R94_W9p6_S14.s2p
LQ_N2p5_R89_W10p4_S14,89.0,2.5,12,10.4,14.0,180.0,180.0,fdl/LQ_N2p5_R89_W10p4_S14.py,skill/LQ_N2p5_R89_W10p4_S14.il,gds/LQ_N2p5_R89_W10p4_S14.gds,s2p/LQ_N2p5_R89_W10p4_S14.s2p
LQ_N2p5_R91_W9p6_S12,91.0,2.5,12,9.6,12.0,180.0,180.0,fdl/LQ_N2p5_R91_W9p6_S12.py,skill/LQ_N2p5_R91_W9p6_S12.il,gds/LQ_N2p5_R91_W9p6_S12.gds,s2p/LQ_N2p5_R91_W9p6_S12.s2p
LQ_N3p5_R51_W12_S18,51.0,3.5,12,12.0,18.0,180.0,180.0,fdl/LQ_N3p5_R51_W12_S18.py,skill/LQ_N3p5_R51_W12_S18.il,gds/LQ_N3p5_R51_W12_S18.gds,s2p/LQ_N3p5_R51_W12_S18.s2p
LQ_N2p5_R93_W9p6_S14,93.0,2.5,12,9.6,14.0,180.0,180.0,fdl/LQ_N2p5_R93_W9p6_S14.py,skill/LQ_N2p5_R93_W9p6_S14.il,gds/LQ_N2p5_R93_W9p6_S14.gds,s2p/LQ_N2p5_R93_W9p6_S14.s2p
LQ_N2p5_R90_W9p6_S12,90.0,2.5,12,9.6,12.0,180.0,180.0,fdl/LQ_N2p5_R90_W9p6_S12.py,skill/LQ_N2p5_R90_W9p6_S12.il,gds/LQ_N2p5_R90_W9p6_S12.gds,s2p/LQ_N2p5_R90_W9p6_S12.s2p
LQ_N3p5_R50_W12_S18,50.0,3.5,12,12.0,18.0,180.0,180.0,fdl/LQ_N3p5_R50_W12_S18.py,skill/LQ_N3p5_R50_W12_S18.il,gds/LQ_N3p5_R50_W12_S18.gds,s2p/LQ_N3p5_R50_W12_S18.s2p
LQ_N2p5_R92_W9p6_S14,92.0,2.5,12,9.6,14.0,180.0,180.0,fdl/LQ_N2p5_R92_W9p6_S14.py,skill/LQ_N2p5_R92_W9p6_S14.il,gds/LQ_N2p5_R92_W9p6_S14.gds,s2p/LQ_N2p5_R92_W9p6_S14.s2p
LQ_N2p5_R89_W9p6_S12,89.0,2.5,12,9.6,12.0,180.0,180.0,fdl/LQ_N2p5_R89_W9p6_S12.py,skill/LQ_N2p5_R89_W9p6_S12.il,gds/LQ_N2p5_R89_W9p6_S12.gds,s2p/LQ_N2p5_R89_W9p6_S12.s2p
LQ_N3p5_R49_W12_S18,49.0,3.5,12,12.0,18.0,180.0,180.0,fdl/LQ_N3p5_R49_W12_S18.py,skill/LQ_N3p5_R49_W12_S18.il,gds/LQ_N3p5_R49_W12_S18.gds,s2p/LQ_N3p5_R49_W12_S18.s2p
LQ_N2p5_R91_W9p6_S14,91.0,2.5,12,9.6,14.0,180.0,180.0,fdl/LQ_N2p5_R91_W9p6_S14.py,skill/LQ_N2p5_R91_W9p6_S14.il,gds/LQ_N2p5_R91_W9p6_S14.gds,s2p/LQ_N2p5_R91_W9p6_S14.s2p
LQ_N3p5_R48_W12_S18,48.0,3.5,12,12.0,18.0,180.0,180.0,fdl/LQ_N3p5_R48_W12_S18.py,skill/LQ_N3p5_R48_W12_S18.il,gds/LQ_N3p5_R48_W12_S18.gds,s2p/LQ_N3p5_R48_W12_S18.s2p
LQ_N2p5_R90_W9p6_S14,90.0,2.5,12,9.6,14.0,180.0,180.0,fdl/LQ_N2p5_R90_W9p6_S14.py,skill/LQ_N2p5_R90_W9p6_S14.il,gds/LQ_N2p5_R90_W9p6_S14.gds,s2p/LQ_N2p5_R90_W9p6_S14.s2p
LQ_N3p5_R47_W12_S18,47.0,3.5,12,12.0,18.0,180.0,180.0,fdl/LQ_N3p5_R47_W12_S18.py,skill/LQ_N3p5_R47_W12_S18.il,gds/LQ_N3p5_R47_W12_S18.gds,s2p/LQ_N3p5_R47_W12_S18.s2p
LQ_N2p5_R89_W9p6_S14,89.0,2.5,12,9.6,14.0,180.0,180.0,fdl/LQ_N2p5_R89_W9p6_S14.py,skill/LQ_N2p5_R89_W9p6_S14.il,gds/LQ_N2p5_R89_W9p6_S14.gds,s2p/LQ_N2p5_R89_W9p6_S14.s2p
LQ_N3p5_R59_W12_S16,59.0,3.5,12,12.0,16.0,180.0,180.0,fdl/LQ_N3p5_R59_W12_S16.py,skill/LQ_N3p5_R59_W12_S16.il,gds/LQ_N3p5_R59_W12_S16.gds,s2p/LQ_N3p5_R59_W12_S16.s2p
LQ_N3p5_R58_W12_S16,58.0,3.5,12,12.0,16.0,180.0,180.0,fdl/LQ_N3p5_R58_W12_S16.py,skill/LQ_N3p5_R58_W12_S16.il,gds/LQ_N3p5_R58_W12_S16.gds,s2p/LQ_N3p5_R58_W12_S16.s2p
LQ_N3p5_R53_W11p2_S16,53.0,3.5,12,11.2,16.0,180.0,180.0,fdl/LQ_N3p5_R53_W11p2_S16.py,skill/LQ_N3p5_R53_W11p2_S16.il,gds/LQ_N3p5_R53_W11p2_S16.gds,s2p/LQ_N3p5_R53_W11p2_S16.s2p
LQ_N3p5_R57_W12_S16,57.0,3.5,12,12.0,16.0,180.0,180.0,fdl/LQ_N3p5_R57_W12_S16.py,skill/LQ_N3p5_R57_W12_S16.il,gds/LQ_N3p5_R57_W12_S16.gds,s2p/LQ_N3p5_R57_W12_S16.s2p
LQ_N3p5_R56_W9p6_S12,56.0,3.5,12,9.6,12.0,180.0,180.0,fdl/LQ_N3p5_R56_W9p6_S12.py,skill/LQ_N3p5_R56_W9p6_S12.il,gds/LQ_N3p5_R56_W9p6_S12.gds,s2p/LQ_N3p5_R56_W9p6_S12.s2p
LQ_N3p5_R56_W12_S16,56.0,3.5,12,12.0,16.0,180.0,180.0,fdl/LQ_N3p5_R56_W12_S16.py,skill/LQ_N3p5_R56_W12_S16.il,gds/LQ_N3p5_R56_W12_S16.gds,s2p/LQ_N3p5_R56_W12_S16.s2p
LQ_N3p5_R55_W9p6_S12,55.0,3.5,12,9.6,12.0,180.0,180.0,fdl/LQ_N3p5_R55_W9p6_S12.py,skill/LQ_N3p5_R55_W9p6_S12.il,gds/LQ_N3p5_R55_W9p6_S12.gds,s2p/LQ_N3p5_R55_W9p6_S12.s2p
LQ_N3p5_R51_W11p2_S16,51.0,3.5,12,11.2,16.0,180.0,180.0,fdl/LQ_N3p5_R51_W11p2_S16.py,skill/LQ_N3p5_R51_W11p2_S16.il,gds/LQ_N3p5_R51_W11p2_S16.gds,s2p/LQ_N3p5_R51_W11p2_S16.s2p
LQ_N3p5_R55_W12_S16,55.0,3.5,12,12.0,16.0,180.0,180.0,fdl/LQ_N3p5_R55_W12_S16.py,skill/LQ_N3p5_R55_W12_S16.il,gds/LQ_N3p5_R55_W12_S16.gds,s2p/LQ_N3p5_R55_W12_S16.s2p
LQ_N3p5_R56_W11p2_S15,56.0,3.5,12,11.2,15.0,180.0,180.0,fdl/LQ_N3p5_R56_W11p2_S15.py,skill/LQ_N3p5_R56_W11p2_S15.il,gds/LQ_N3p5_R56_W11p2_S15.gds,s2p/LQ_N3p5_R56_W11p2_S15.s2p
LQ_N3p5_R72_W12_S18,72.0,3.5,12,12.0,18.0,180.0,180.0,fdl/LQ_N3p5_R72_W12_S18.py,skill/LQ_N3p5_R72_W12_S18.il,gds/LQ_N3p5_R72_W12_S18.gds,s2p/LQ_N3p5_R72_W12_S18.s2p
LQ_N3p5_R71_W12_S18,71.0,3.5,12,12.0,18.0,180.0,180.0,fdl/LQ_N3p5_R71_W12_S18.py,skill/LQ_N3p5_R71_W12_S18.il,gds/LQ_N3p5_R71_W12_S18.gds,s2p/LQ_N3p5_R71_W12_S18.s2p
LQ_N3p5_R70_W12_S18,70.0,3.5,12,12.0,18.0,180.0,180.0,fdl/LQ_N3p5_R70_W12_S18.py,skill/LQ_N3p5_R70_W12_S18.il,gds/LQ_N3p5_R70_W12_S18.gds,s2p/LQ_N3p5_R70_W12_S18.s2p
LQ_N3p5_R69_W12_S18,69.0,3.5,12,12.0,18.0,180.0,180.0,fdl/LQ_N3p5_R69_W12_S18.py,skill/LQ_N3p5_R69_W12_S18.il,gds/LQ_N3p5_R69_W12_S18.gds,s2p/LQ_N3p5_R69_W12_S18.s2p
LQ_N3p5_R68_W12_S18,68.0,3.5,12,12.0,18.0,180.0,180.0,fdl/LQ_N3p5_R68_W12_S18.py,skill/LQ_N3p5_R68_W12_S18.il,gds/LQ_N3p5_R68_W12_S18.gds,s2p/LQ_N3p5_R68_W12_S18.s2p
LQ_N3p5_R67_W12_S18,67.0,3.5,12,12.0,18.0,180.0,180.0,fdl/LQ_N3p5_R67_W12_S18.py,skill/LQ_N3p5_R67_W12_S18.il,gds/LQ_N3p5_R67_W12_S18.gds,s2p/LQ_N3p5_R67_W12_S18.s2p
LQ_N3p5_R66_W12_S18,66.0,3.5,12,12.0,18.0,180.0,180.0,fdl/LQ_N3p5_R66_W12_S18.py,skill/LQ_N3p5_R66_W12_S18.il,gds/LQ_N3p5_R66_W12_S18.gds,s2p/LQ_N3p5_R66_W12_S18.s2p
LQ_N3p5_R65_W12_S18,65.0,3.5,12,12.0,18.0,180.0,180.0,fdl/LQ_N3p5_R65_W12_S18.py,skill/LQ_N3p5_R65_W12_S18.il,gds/LQ_N3p5_R65_W12_S18.gds,s2p/LQ_N3p5_R65_W12_S18.s2p
LQ_N3p5_R66_W11p2_S16,66.0,3.5,12,11.2,16.0,180.0,180.0,fdl/LQ_N3p5_R66_W11p2_S16.py,skill/LQ_N3p5_R66_W11p2_S16.il,gds/LQ_N3p5_R66_W11p2_S16.gds,s2p/LQ_N3p5_R66_W11p2_S16.s2p
LQ_N3p5_R69_W9p6_S12,69.0,3.5,12,9.6,12.0,180.0,180.0,fdl/LQ_N3p5_R69_W9p6_S12.py,skill/LQ_N3p5_R69_W9p6_S12.il,gds/LQ_N3p5_R69_W9p6_S12.gds,s2p/LQ_N3p5_R69_W9p6_S12.s2p
LQ_N3p5_R65_W11p2_S16,65.0,3.5,12,11.2,16.0,180.0,180.0,fdl/LQ_N3p5_R65_W11p2_S16.py,skill/LQ_N3p5_R65_W11p2_S16.il,gds/LQ_N3p5_R65_W11p2_S16.gds,s2p/LQ_N3p5_R65_W11p2_S16.s2p
LQ_N3p5_R69_W12_S16,69.0,3.5,12,12.0,16.0,180.0,180.0,fdl/LQ_N3p5_R69_W12_S16.py,skill/LQ_N3p5_R69_W12_S16.il,gds/LQ_N3p5_R69_W12_S16.gds,s2p/LQ_N3p5_R69_W12_S16.s2p
LQ_N3p5_R68_W9p6_S12,68.0,3.5,12,9.6,12.0,180.0,180.0,fdl/LQ_N3p5_R68_W9p6_S12.py,skill/LQ_N3p5_R68_W9p6_S12.il,gds/LQ_N3p5_R68_W9p6_S12.gds,s2p/LQ_N3p5_R68_W9p6_S12.s2p
LQ_N3p5_R64_W11p2_S16,64.0,3.5,12,11.2,16.0,180.0,180.0,fdl/LQ_N3p5_R64_W11p2_S16.py,skill/LQ_N3p5_R64_W11p2_S16.il,gds/LQ_N3p5_R64_W11p2_S16.gds,s2p/LQ_N3p5_R64_W11p2_S16.s2p
LQ_N3p5_R68_W12_S16,68.0,3.5,12,12.0,16.0,180.0,180.0,fdl/LQ_N3p5_R68_W12_S16.py,skill/LQ_N3p5_R68_W12_S16.il,gds/LQ_N3p5_R68_W12_S16.gds,s2p/LQ_N3p5_R68_W12_S16.s2p
LQ_N3p5_R67_W9p6_S12,67.0,3.5,12,9.6,12.0,180.0,180.0,fdl/LQ_N3p5_R67_W9p6_S12.py,skill/LQ_N3p5_R67_W9p6_S12.il,gds/LQ_N3p5_R67_W9p6_S12.gds,s2p/LQ_N3p5_R67_W9p6_S12.s2p
LQ_N3p5_R63_W11p2_S16,63.0,3.5,12,11.2,16.0,180.0,180.0,fdl/LQ_N3p5_R63_W11p2_S16.py,skill/LQ_N3p5_R63_W11p2_S16.il,gds/LQ_N3p5_R63_W11p2_S16.gds,s2p/LQ_N3p5_R63_W11p2_S16.s2p
LQ_N3p5_R67_W12_S16,67.0,3.5,12,12.0,16.0,180.0,180.0,fdl/LQ_N3p5_R67_W12_S16.py,skill/LQ_N3p5_R67_W12_S16.il,gds/LQ_N3p5_R67_W12_S16.gds,s2p/LQ_N3p5_R67_W12_S16.s2p
LQ_N3p5_R62_W10p4_S12,62.0,3.5,12,10.4,12.0,180.0,180.0,fdl/LQ_N3p5_R62_W10p4_S12.py,skill/LQ_N3p5_R62_W10p4_S12.il,gds/LQ_N3p5_R62_W10p4_S12.gds,s2p/LQ_N3p5_R62_W10p4_S12.s2p
LQ_N3p5_R66_W9p6_S12,66.0,3.5,12,9.6,12.0,180.0,180.0,fdl/LQ_N3p5_R66_W9p6_S12.py,skill/LQ_N3p5_R66_W9p6_S12.il,gds/LQ_N3p5_R66_W9p6_S12.gds,s2p/LQ_N3p5_R66_W9p6_S12.s2p
LQ_N3p5_R62_W11p2_S16,62.0,3.5,12,11.2,16.0,180.0,180.0,fdl/LQ_N3p5_R62_W11p2_S16.py,skill/LQ_N3p5_R62_W11p2_S16.il,gds/LQ_N3p5_R62_W11p2_S16.gds,s2p/LQ_N3p5_R62_W11p2_S16.s2p
LQ_N3p5_R66_W12_S16,66.0,3.5,12,12.0,16.0,180.0,180.0,fdl/LQ_N3p5_R66_W12_S16.py,skill/LQ_N3p5_R66_W12_S16.il,gds/LQ_N3p5_R66_W12_S16.gds,s2p/LQ_N3p5_R66_W12_S16.s2p
LQ_N3p5_R61_W10p4_S12,61.0,3.5,12,10.4,12.0,180.0,180.0,fdl/LQ_N3p5_R61_W10p4_S12.py,skill/LQ_N3p5_R61_W10p4_S12.il,gds/LQ_N3p5_R61_W10p4_S12.gds,s2p/LQ_N3p5_R61_W10p4_S12.s2p
LQ_N3p5_R65_W9p6_S12,65.0,3.5,12,9.6,12.0,180.0,180.0,fdl/LQ_N3p5_R65_W9p6_S12.py,skill/LQ_N3p5_R65_W9p6_S12.il,gds/LQ_N3p5_R65_W9p6_S12.gds,s2p/LQ_N3p5_R65_W9p6_S12.s2p
LQ_N3p5_R61_W11p2_S16,61.0,3.5,12,11.2,16.0,180.0,180.0,fdl/LQ_N3p5_R61_W11p2_S16.py,skill/LQ_N3p5_R61_W11p2_S16.il,gds/LQ_N3p5_R61_W11p2_S16.gds,s2p/LQ_N3p5_R61_W11p2_S16.s2p
LQ_N3p5_R65_W12_S16,65.0,3.5,12,12.0,16.0,180.0,180.0,fdl/LQ_N3p5_R65_W12_S16.py,skill/LQ_N3p5_R65_W12_S16.il,gds/LQ_N3p5_R65_W12_S16.gds,s2p/LQ_N3p5_R65_W12_S16.s2p
LQ_N3p5_R66_W11p2_S15,66.0,3.5,12,11.2,15.0,180.0,180.0,fdl/LQ_N3p5_R66_W11p2_S15.py,skill/LQ_N3p5_R66_W11p2_S15.il,gds/LQ_N3p5_R66_W11p2_S15.gds,s2p/LQ_N3p5_R66_W11p2_S15.s2p
LQ_N3p5_R60_W10p4_S12,60.0,3.5,12,10.4,12.0,180.0,180.0,fdl/LQ_N3p5_R60_W10p4_S12.py,skill/LQ_N3p5_R60_W10p4_S12.il,gds/LQ_N3p5_R60_W10p4_S12.gds,s2p/LQ_N3p5_R60_W10p4_S12.s2p
LQ_N3p5_R65_W10p4_S15,65.0,3.5,12,10.4,15.0,180.0,180.0,fdl/LQ_N3p5_R65_W10p4_S15.py,skill/LQ_N3p5_R65_W10p4_S15.il,gds/LQ_N3p5_R65_W10p4_S15.gds,s2p/LQ_N3p5_R65_W10p4_S15.s2p
LQ_N3p5_R64_W9p6_S12,64.0,3.5,12,9.6,12.0,180.0,180.0,fdl/LQ_N3p5_R64_W9p6_S12.py,skill/LQ_N3p5_R64_W9p6_S12.il,gds/LQ_N3p5_R64_W9p6_S12.gds,s2p/LQ_N3p5_R64_W9p6_S12.s2p
LQ_N3p5_R60_W11p2_S16,60.0,3.5,12,11.2,16.0,180.0,180.0,fdl/LQ_N3p5_R60_W11p2_S16.py,skill/LQ_N3p5_R60_W11p2_S16.il,gds/LQ_N3p5_R60_W11p2_S16.gds,s2p/LQ_N3p5_R60_W11p2_S16.s2p
LQ_N3p5_R64_W12_S16,64.0,3.5,12,12.0,16.0,180.0,180.0,fdl/LQ_N3p5_R64_W12_S16.py,skill/LQ_N3p5_R64_W12_S16.il,gds/LQ_N3p5_R64_W12_S16.gds,s2p/LQ_N3p5_R64_W12_S16.s2p
LQ_N3p5_R65_W11p2_S15,65.0,3.5,12,11.2,15.0,180.0,180.0,fdl/LQ_N3p5_R65_W11p2_S15.py,skill/LQ_N3p5_R65_W11p2_S15.il,gds/LQ_N3p5_R65_W11p2_S15.gds,s2p/LQ_N3p5_R65_W11p2_S15.s2p
LQ_N3p5_R59_W10p4_S12,59.0,3.5,12,10.4,12.0,180.0,180.0,fdl/LQ_N3p5_R59_W10p4_S12.py,skill/LQ_N3p5_R59_W10p4_S12.il,gds/LQ_N3p5_R59_W10p4_S12.gds,s2p/LQ_N3p5_R59_W10p4_S12.s2p
LQ_N3p5_R63_W9p6_S12,63.0,3.5,12,9.6,12.0,180.0,180.0,fdl/LQ_N3p5_R63_W9p6_S12.py,skill/LQ_N3p5_R63_W9p6_S12.il,gds/LQ_N3p5_R63_W9p6_S12.gds,s2p/LQ_N3p5_R63_W9p6_S12.s2p
LQ_N3p5_R59_W11p2_S16,59.0,3.5,12,11.2,16.0,180.0,180.0,fdl/LQ_N3p5_R59_W11p2_S16.py,skill/LQ_N3p5_R59_W11p2_S16.il,gds/LQ_N3p5_R59_W11p2_S16.gds,s2p/LQ_N3p5_R59_W11p2_S16.s2p
LQ_N3p5_R63_W12_S16,63.0,3.5,12,12.0,16.0,180.0,180.0,fdl/LQ_N3p5_R63_W12_S16.py,skill/LQ_N3p5_R63_W12_S16.il,gds/LQ_N3p5_R63_W12_S16.gds,s2p/LQ_N3p5_R63_W12_S16.s2p
LQ_N3p5_R66_W11p2_S14,66.0,3.5,12,11.2,14.0,180.0,180.0,fdl/LQ_N3p5_R66_W11p2_S14.py,skill/LQ_N3p5_R66_W11p2_S14.il,gds/LQ_N3p5_R66_W11p2_S14.gds,s2p/LQ_N3p5_R66_W11p2_S14.s2p
LQ_N3p5_R64_W11p2_S15,64.0,3.5,12,11.2,15.0,180.0,180.0,fdl/LQ_N3p5_R64_W11p2_S15.py,skill/LQ_N3p5_R64_W11p2_S15.il,gds/LQ_N3p5_R64_W11p2_S15.gds,s2p/LQ_N3p5_R64_W11p2_S15.s2p
LQ_N3p5_R58_W10p4_S12,58.0,3.5,12,10.4,12.0,180.0,180.0,fdl/LQ_N3p5_R58_W10p4_S12.py,skill/LQ_N3p5_R58_W10p4_S12.il,gds/LQ_N3p5_R58_W10p4_S12.gds,s2p/LQ_N3p5_R58_W10p4_S12.s2p
LQ_N3p5_R63_W10p4_S15,63.0,3.5,12,10.4,15.0,180.0,180.0,fdl/LQ_N3p5_R63_W10p4_S15.py,skill/LQ_N3p5_R63_W10p4_S15.il,gds/LQ_N3p5_R63_W10p4_S15.gds,s2p/LQ_N3p5_R63_W10p4_S15.s2p
LQ_N3p5_R62_W9p6_S12,62.0,3.5,12,9.6,12.0,180.0,180.0,fdl/LQ_N3p5_R62_W9p6_S12.py,skill/LQ_N3p5_R62_W9p6_S12.il,gds/LQ_N3p5_R62_W9p6_S12.gds,s2p/LQ_N3p5_R62_W9p6_S12.s2p
LQ_N3p5_R62_W12_S16,62.0,3.5,12,12.0,16.0,180.0,180.0,fdl/LQ_N3p5_R62_W12_S16.py,skill/LQ_N3p5_R62_W12_S16.il,gds/LQ_N3p5_R62_W12_S16.gds,s2p/LQ_N3p5_R62_W12_S16.s2p
LQ_N3p5_R65_W10p4_S14,65.0,3.5,12,10.4,14.0,180.0,180.0,fdl/LQ_N3p5_R65_W10p4_S14.py,skill/LQ_N3p5_R65_W10p4_S14.il,gds/LQ_N3p5_R65_W10p4_S14.gds,s2p/LQ_N3p5_R65_W10p4_S14.s2p
LQ_N3p5_R65_W11p2_S14,65.0,3.5,12,11.2,14.0,180.0,180.0,fdl/LQ_N3p5_R65_W11p2_S14.py,skill/LQ_N3p5_R65_W11p2_S14.il,gds/LQ_N3p5_R65_W11p2_S14.gds,s2p/LQ_N3p5_R65_W11p2_S14.s2p
LQ_N3p5_R63_W11p2_S15,63.0,3.5,12,11.2,15.0,180.0,180.0,fdl/LQ_N3p5_R63_W11p2_S15.py,skill/LQ_N3p5_R63_W11p2_S15.il,gds/LQ_N3p5_R63_W11p2_S15.gds,s2p/LQ_N3p5_R63_W11p2_S15.s2p
LQ_N3p5_R57_W10p4_S12,57.0,3.5,12,10.4,12.0,180.0,180.0,fdl/LQ_N3p5_R57_W10p4_S12.py,skill/LQ_N3p5_R57_W10p4_S12.il,gds/LQ_N3p5_R57_W10p4_S12.gds,s2p/LQ_N3p5_R57_W10p4_S12.s2p
LQ_N3p5_R68_W9p6_S14,68.0,3.5,12,9.6,14.0,180.0,180.0,fdl/LQ_N3p5_R68_W9p6_S14.py,skill/LQ_N3p5_R68_W9p6_S14.il,gds/LQ_N3p5_R68_W9p6_S14.gds,s2p/LQ_N3p5_R68_W9p6_S14.s2p
LQ_N3p5_R64_W11p2_S14,64.0,3.5,12,11.2,14.0,180.0,180.0,fdl/LQ_N3p5_R64_W11p2_S14.py,skill/LQ_N3p5_R64_W11p2_S14.il,gds/LQ_N3p5_R64_W11p2_S14.gds,s2p/LQ_N3p5_R64_W11p2_S14.s2p
LQ_N3p5_R62_W11p2_S15,62.0,3.5,12,11.2,15.0,180.0,180.0,fdl/LQ_N3p5_R62_W11p2_S15.py,skill/LQ_N3p5_R62_W11p2_S15.il,gds/LQ_N3p5_R62_W11p2_S15.gds,s2p/LQ_N3p5_R62_W11p2_S15.s2p
LQ_N3p5_R56_W10p4_S12,56.0,3.5,12,10.4,12.0,180.0,180.0,fdl/LQ_N3p5_R56_W10p4_S12.py,skill/LQ_N3p5_R56_W10p4_S12.il,gds/LQ_N3p5_R56_W10p4_S12.gds,s2p/LQ_N3p5_R56_W10p4_S12.s2p
LQ_N3p5_R67_W9p6_S14,67.0,3.5,12,9.6,14.0,180.0,180.0,fdl/LQ_N3p5_R67_W9p6_S14.py,skill/LQ_N3p5_R67_W9p6_S14.il,gds/LQ_N3p5_R67_W9p6_S14.gds,s2p/LQ_N3p5_R67_W9p6_S14.s2p
LQ_N3p5_R61_W10p4_S15,61.0,3.5,12,10.4,15.0,180.0,180.0,fdl/LQ_N3p5_R61_W10p4_S15.py,skill/LQ_N3p5_R61_W10p4_S15.il,gds/LQ_N3p5_R61_W10p4_S15.gds,s2p/LQ_N3p5_R61_W10p4_S15.s2p
LQ_N3p5_R63_W10p4_S14,63.0,3.5,12,10.4,14.0,180.0,180.0,fdl/LQ_N3p5_R63_W10p4_S14.py,skill/LQ_N3p5_R63_W10p4_S14.il,gds/LQ_N3p5_R63_W10p4_S14.gds,s2p/LQ_N3p5_R63_W10p4_S14.s2p
LQ_N3p5_R63_W11p2_S14,63.0,3.5,12,11.2,14.0,180.0,180.0,fdl/LQ_N3p5_R63_W11p2_S14.py,skill/LQ_N3p5_R63_W11p2_S14.il,gds/LQ_N3p5_R63_W11p2_S14.gds,s2p/LQ_N3p5_R63_W11p2_S14.s2p
LQ_N3p5_R61_W11p2_S15,61.0,3.5,12,11.2,15.0,180.0,180.0,fdl/LQ_N3p5_R61_W11p2_S15.py,skill/LQ_N3p5_R61_W11p2_S15.il,gds/LQ_N3p5_R61_W11p2_S15.gds,s2p/LQ_N3p5_R61_W11p2_S15.s2p
LQ_N3p5_R55_W10p4_S12,55.0,3.5,12,10.4,12.0,180.0,180.0,fdl/LQ_N3p5_R55_W10p4_S12.py,skill/LQ_N3p5_R55_W10p4_S12.il,gds/LQ_N3p5_R55_W10p4_S12.gds,s2p/LQ_N3p5_R55_W10p4_S12.s2p
LQ_N3p5_R66_W9p6_S14,66.0,3.5,12,9.6,14.0,180.0,180.0,fdl/LQ_N3p5_R66_W9p6_S14.py,skill/LQ_N3p5_R66_W9p6_S14.il,gds/LQ_N3p5_R66_W9p6_S14.gds,s2p/LQ_N3p5_R66_W9p6_S14.s2p
LQ_N3p5_R62_W11p2_S14,62.0,3.5,12,11.2,14.0,180.0,180.0,fdl/LQ_N3p5_R62_W11p2_S14.py,skill/LQ_N3p5_R62_W11p2_S14.il,gds/LQ_N3p5_R62_W11p2_S14.gds,s2p/LQ_N3p5_R62_W11p2_S14.s2p
LQ_N3p5_R60_W11p2_S15,60.0,3.5,12,11.2,15.0,180.0,180.0,fdl/LQ_N3p5_R60_W11p2_S15.py,skill/LQ_N3p5_R60_W11p2_S15.il,gds/LQ_N3p5_R60_W11p2_S15.gds,s2p/LQ_N3p5_R60_W11p2_S15.s2p
LQ_N3p5_R87_W12_S18,87.0,3.5,12,12.0,18.0,180.0,180.0,fdl/LQ_N3p5_R87_W12_S18.py,skill/LQ_N3p5_R87_W12_S18.il,gds/LQ_N3p5_R87_W12_S18.gds,s2p/LQ_N3p5_R87_W12_S18.s2p
LQ_N3p5_R86_W12_S18,86.0,3.5,12,12.0,18.0,180.0,180.0,fdl/LQ_N3p5_R86_W12_S18.py,skill/LQ_N3p5_R86_W12_S18.il,gds/LQ_N3p5_R86_W12_S18.gds,s2p/LQ_N3p5_R86_W12_S18.s2p
LQ_N3p5_R85_W12_S18,85.0,3.5,12,12.0,18.0,180.0,180.0,fdl/LQ_N3p5_R85_W12_S18.py,skill/LQ_N3p5_R85_W12_S18.il,gds/LQ_N3p5_R85_W12_S18.gds,s2p/LQ_N3p5_R85_W12_S18.s2p
LQ_N3p5_R84_W12_S18,84.0,3.5,12,12.0,18.0,180.0,180.0,fdl/LQ_N3p5_R84_W12_S18.py,skill/LQ_N3p5_R84_W12_S18.il,gds/LQ_N3p5_R84_W12_S18.gds,s2p/LQ_N3p5_R84_W12_S18.s2p
LQ_N3p5_R83_W12_S18,83.0,3.5,12,12.0,18.0,180.0,180.0,fdl/LQ_N3p5_R83_W12_S18.py,skill/LQ_N3p5_R83_W12_S18.il,gds/LQ_N3p5_R83_W12_S18.gds,s2p/LQ_N3p5_R83_W12_S18.s2p
LQ_N3p5_R82_W12_S18,82.0,3.5,12,12.0,18.0,180.0,180.0,fdl/LQ_N3p5_R82_W12_S18.py,skill/LQ_N3p5_R82_W12_S18.il,gds/LQ_N3p5_R82_W12_S18.gds,s2p/LQ_N3p5_R82_W12_S18.s2p
LQ_N3p5_R81_W12_S18,81.0,3.5,12,12.0,18.0,180.0,180.0,fdl/LQ_N3p5_R81_W12_S18.py,skill/LQ_N3p5_R81_W12_S18.il,gds/LQ_N3p5_R81_W12_S18.gds,s2p/LQ_N3p5_R81_W12_S18.s2p
LQ_N3p5_R80_W12_S18,80.0,3.5,12,12.0,18.0,180.0,180.0,fdl/LQ_N3p5_R80_W12_S18.py,skill/LQ_N3p5_R80_W12_S18.il,gds/LQ_N3p5_R80_W12_S18.gds,s2p/LQ_N3p5_R80_W12_S18.s2p
LQ_N3p5_R78_W10p4_S12,78.0,3.5,12,10.4,12.0,180.0,180.0,fdl/LQ_N3p5_R78_W10p4_S12.py,skill/LQ_N3p5_R78_W10p4_S12.il,gds/LQ_N3p5_R78_W10p4_S12.gds,s2p/LQ_N3p5_R78_W10p4_S12.s2p
LQ_N3p5_R82_W9p6_S12,82.0,3.5,12,9.6,12.0,180.0,180.0,fdl/LQ_N3p5_R82_W9p6_S12.py,skill/LQ_N3p5_R82_W9p6_S12.il,gds/LQ_N3p5_R82_W9p6_S12.gds,s2p/LQ_N3p5_R82_W9p6_S12.s2p
LQ_N3p5_R77_W10p4_S12,77.0,3.5,12,10.4,12.0,180.0,180.0,fdl/LQ_N3p5_R77_W10p4_S12.py,skill/LQ_N3p5_R77_W10p4_S12.il,gds/LQ_N3p5_R77_W10p4_S12.gds,s2p/LQ_N3p5_R77_W10p4_S12.s2p
LQ_N3p5_R81_W9p6_S12,81.0,3.5,12,9.6,12.0,180.0,180.0,fdl/LQ_N3p5_R81_W9p6_S12.py,skill/LQ_N3p5_R81_W9p6_S12.il,gds/LQ_N3p5_R81_W9p6_S12.gds,s2p/LQ_N3p5_R81_W9p6_S12.s2p
LQ_N3p5_R77_W11p2_S16,77.0,3.5,12,11.2,16.0,180.0,180.0,fdl/LQ_N3p5_R77_W11p2_S16.py,skill/LQ_N3p5_R77_W11p2_S16.il,gds/LQ_N3p5_R77_W11p2_S16.gds,s2p/LQ_N3p5_R77_W11p2_S16.s2p
LQ_N3p5_R76_W10p4_S12,76.0,3.5,12,10.4,12.0,180.0,180.0,fdl/LQ_N3p5_R76_W10p4_S12.py,skill/LQ_N3p5_R76_W10p4_S12.il,gds/LQ_N3p5_R76_W10p4_S12.gds,s2p/LQ_N3p5_R76_W10p4_S12.s2p
LQ_N3p5_R80_W9p6_S12,80.0,3.5,12,9.6,12.0,180.0,180.0,fdl/LQ_N3p5_R80_W9p6_S12.py,skill/LQ_N3p5_R80_W9p6_S12.il,gds/LQ_N3p5_R80_W9p6_S12.gds,s2p/LQ_N3p5_R80_W9p6_S12.s2p
LQ_N3p5_R76_W11p2_S16,76.0,3.5,12,11.2,16.0,180.0,180.0,fdl/LQ_N3p5_R76_W11p2_S16.py,skill/LQ_N3p5_R76_W11p2_S16.il,gds/LQ_N3p5_R76_W11p2_S16.gds,s2p/LQ_N3p5_R76_W11p2_S16.s2p
LQ_N3p5_R75_W10p4_S12,75.0,3.5,12,10.4,12.0,180.0,180.0,fdl/LQ_N3p5_R75_W10p4_S12.py,skill/LQ_N3p5_R75_W10p4_S12.il,gds/LQ_N3p5_R75_W10p4_S12.gds,s2p/LQ_N3p5_R75_W10p4_S12.s2p
LQ_N3p5_R79_W9p6_S12,79.0,3.5,12,9.6,12.0,180.0,180.0,fdl/LQ_N3p5_R79_W9p6_S12.py,skill/LQ_N3p5_R79_W9p6_S12.il,gds/LQ_N3p5_R79_W9p6_S12.gds,s2p/LQ_N3p5_R79_W9p6_S12.s2p
LQ_N3p5_R75_W11p2_S16,75.0,3.5,12,11.2,16.0,180.0,180.0,fdl/LQ_N3p5_R75_W11p2_S16.py,skill/LQ_N3p5_R75_W11p2_S16.il,gds/LQ_N3p5_R75_W11p2_S16.gds,s2p/LQ_N3p5_R75_W11p2_S16.s2p
LQ_N3p5_R79_W12_S16,79.0,3.5,12,12.0,16.0,180.0,180.0,fdl/LQ_N3p5_R79_W12_S16.py,skill/LQ_N3p5_R79_W12_S16.il,gds/LQ_N3p5_R79_W12_S16.gds,s2p/LQ_N3p5_R79_W12_S16.s2p
LQ_N3p5_R74_W10p4_S12,74.0,3.5,12,10.4,12.0,180.0,180.0,fdl/LQ_N3p5_R74_W10p4_S12.py,skill/LQ_N3p5_R74_W10p4_S12.il,gds/LQ_N3p5_R74_W10p4_S12.gds,s2p/LQ_N3p5_R74_W10p4_S12.s2p
LQ_N3p5_R78_W9p6_S12,78.0,3.5,12,9.6,12.0,180.0,180.0,fdl/LQ_N3p5_R78_W9p6_S12.py,skill/LQ_N3p5_R78_W9p6_S12.il,gds/LQ_N3p5_R78_W9p6_S12.gds,s2p/LQ_N3p5_R78_W9p6_S12.s2p
LQ_N3p5_R74_W11p2_S16,74.0,3.5,12,11.2,16.0,180.0,180.0,fdl/LQ_N3p5_R74_W11p2_S16.py,skill/LQ_N3p5_R74_W11p2_S16.il,gds/LQ_N3p5_R74_W11p2_S16.gds,s2p/LQ_N3p5_R74_W11p2_S16.s2p
LQ_N3p5_R78_W12_S16,78.0,3.5,12,12.0,16.0,180.0,180.0,fdl/LQ_N3p5_R78_W12_S16.py,skill/LQ_N3p5_R78_W12_S16.il,gds/LQ_N3p5_R78_W12_S16.gds,s2p/LQ_N3p5_R78_W12_S16.s2p
LQ_N3p5_R73_W10p4_S12,73.0,3.5,12,10.4,12.0,180.0,180.0,fdl/LQ_N3p5_R73_W10p4_S12.py,skill/LQ_N3p5_R73_W10p4_S12.il,gds/LQ_N3p5_R73_W10p4_S12.gds,s2p/LQ_N3p5_R73_W10p4_S12.s2p
LQ_N3p5_R77_W9p6_S12,77.0,3.5,12,9.6,12.0,180.0,180.0,fdl/LQ_N3p5_R77_W9p6_S12.py,skill/LQ_N3p5_R77_W9p6_S12.il,gds/LQ_N3p5_R77_W9p6_S12.gds,s2p/LQ_N3p5_R77_W9p6_S12.s2p
LQ_N3p5_R73_W11p2_S16,73.0,3.5,12,11.2,16.0,180.0,180.0,fdl/LQ_N3p5_R73_W11p2_S16.py,skill/LQ_N3p5_R73_W11p2_S16.il,gds/LQ_N3p5_R73_W11p2_S16.gds,s2p/LQ_N3p5_R73_W11p2_S16.s2p
LQ_N3p5_R77_W12_S16,77.0,3.5,12,12.0,16.0,180.0,180.0,fdl/LQ_N3p5_R77_W12_S16.py,skill/LQ_N3p5_R77_W12_S16.il,gds/LQ_N3p5_R77_W12_S16.gds,s2p/LQ_N3p5_R77_W12_S16.s2p
LQ_N3p5_R72_W10p4_S12,72.0,3.5,12,10.4,12.0,180.0,180.0,fdl/LQ_N3p5_R72_W10p4_S12.py,skill/LQ_N3p5_R72_W10p4_S12.il,gds/LQ_N3p5_R72_W10p4_S12.gds,s2p/LQ_N3p5_R72_W10p4_S12.s2p
LQ_N3p5_R76_W9p6_S12,76.0,3.5,12,9.6,12.0,180.0,180.0,fdl/LQ_N3p5_R76_W9p6_S12.py,skill/LQ_N3p5_R76_W9p6_S12.il,gds/LQ_N3p5_R76_W9p6_S12.gds,s2p/LQ_N3p5_R76_W9p6_S12.s2p
LQ_N3p5_R72_W11p2_S16,72.0,3.5,12,11.2,16.0,180.0,180.0,fdl/LQ_N3p5_R72_W11p2_S16.py,skill/LQ_N3p5_R72_W11p2_S16.il,gds/LQ_N3p5_R72_W11p2_S16.gds,s2p/LQ_N3p5_R72_W11p2_S16.s2p
LQ_N3p5_R76_W12_S16,76.0,3.5,12,12.0,16.0,180.0,180.0,fdl/LQ_N3p5_R76_W12_S16.py,skill/LQ_N3p5_R76_W12_S16.il,gds/LQ_N3p5_R76_W12_S16.gds,s2p/LQ_N3p5_R76_W12_S16.s2p
LQ_N3p5_R71_W10p4_S12,71.0,3.5,12,10.4,12.0,180.0,180.0,fdl/LQ_N3p5_R71_W10p4_S12.py,skill/LQ_N3p5_R71_W10p4_S12.il,gds/LQ_N3p5_R71_W10p4_S12.gds,s2p/LQ_N3p5_R71_W10p4_S12.s2p
LQ_N3p5_R75_W9p6_S12,75.0,3.5,12,9.6,12.0,180.0,180.0,fdl/LQ_N3p5_R75_W9p6_S12.py,skill/LQ_N3p5_R75_W9p6_S12.il,gds/LQ_N3p5_R75_W9p6_S12.gds,s2p/LQ_N3p5_R75_W9p6_S12.s2p
LQ_N3p5_R71_W11p2_S16,71.0,3.5,12,11.2,16.0,180.0,180.0,fdl/LQ_N3p5_R71_W11p2_S16.py,skill/LQ_N3p5_R71_W11p2_S16.il,gds/LQ_N3p5_R71_W11p2_S16.gds,s2p/LQ_N3p5_R71_W11p2_S16.s2p
LQ_N3p5_R75_W12_S16,75.0,3.5,12,12.0,16.0,180.0,180.0,fdl/LQ_N3p5_R75_W12_S16.py,skill/LQ_N3p5_R75_W12_S16.il,gds/LQ_N3p5_R75_W12_S16.gds,s2p/LQ_N3p5_R75_W12_S16.s2p
LQ_N3p5_R76_W11p2_S15,76.0,3.5,12,11.2,15.0,180.0,180.0,fdl/LQ_N3p5_R76_W11p2_S15.py,skill/LQ_N3p5_R76_W11p2_S15.il,gds/LQ_N3p5_R76_W11p2_S15.gds,s2p/LQ_N3p5_R76_W11p2_S15.s2p
LQ_N3p5_R75_W10p4_S15,75.0,3.5,12,10.4,15.0,180.0,180.0,fdl/LQ_N3p5_R75_W10p4_S15.py,skill/LQ_N3p5_R75_W10p4_S15.il,gds/LQ_N3p5_R75_W10p4_S15.gds,s2p/LQ_N3p5_R75_W10p4_S15.s2p
LQ_N3p5_R70_W11p2_S16,70.0,3.5,12,11.2,16.0,180.0,180.0,fdl/LQ_N3p5_R70_W11p2_S16.py,skill/LQ_N3p5_R70_W11p2_S16.il,gds/LQ_N3p5_R70_W11p2_S16.gds,s2p/LQ_N3p5_R70_W11p2_S16.s2p
LQ_N3p5_R74_W12_S16,74.0,3.5,12,12.0,16.0,180.0,180.0,fdl/LQ_N3p5_R74_W12_S16.py,skill/LQ_N3p5_R74_W12_S16.il,gds/LQ_N3p5_R74_W12_S16.gds,s2p/LQ_N3p5_R74_W12_S16.s2p
LQ_N3p5_R77_W10p4_S14,77.0,3.5,12,10.4,14.0,180.0,180.0,fdl/LQ_N3p5_R77_W10p4_S14.py,skill/LQ_N3p5_R77_W10p4_S14.il,gds/LQ_N3p5_R77_W10p4_S14.gds,s2p/LQ_N3p5_R77_W10p4_S14.s2p
LQ_N3p5_R75_W11p2_S15,75.0,3.5,12,11.2,15.0,180.0,180.0,fdl/LQ_N3p5_R75_W11p2_S15.py,skill/LQ_N3p5_R75_W11p2_S15.il,gds/LQ_N3p5_R75_W11p2_S15.gds,s2p/LQ_N3p5_R75_W11p2_S15.s2p
LQ_N3p5_R73_W12_S16,73.0,3.5,12,12.0,16.0,180.0,180.0,fdl/LQ_N3p5_R73_W12_S16.py,skill/LQ_N3p5_R73_W12_S16.il,gds/LQ_N3p5_R73_W12_S16.gds,s2p/LQ_N3p5_R73_W12_S16.s2p
LQ_N3p5_R76_W11p2_S14,76.0,3.5,12,11.2,14.0,180.0,180.0,fdl/LQ_N3p5_R76_W11p2_S14.py,skill/LQ_N3p5_R76_W11p2_S14.il,gds/LQ_N3p5_R76_W11p2_S14.gds,s2p/LQ_N3p5_R76_W11p2_S14.s2p
LQ_N3p5_R74_W11p2_S15,74.0,3.5,12,11.2,15.0,180.0,180.0,fdl/LQ_N3p5_R74_W11p2_S15.py,skill/LQ_N3p5_R74_W11p2_S15.il,gds/LQ_N3p5_R74_W11p2_S15.gds,s2p/LQ_N3p5_R74_W11p2_S15.s2p
LQ_N3p5_R73_W10p4_S15,73.0,3.5,12,10.4,15.0,180.0,180.0,fdl/LQ_N3p5_R73_W10p4_S15.py,skill/LQ_N3p5_R73_W10p4_S15.il,gds/LQ_N3p5_R73_W10p4_S15.gds,s2p/LQ_N3p5_R73_W10p4_S15.s2p
LQ_N3p5_R72_W12_S16,72.0,3.5,12,12.0,16.0,180.0,180.0,fdl/LQ_N3p5_R72_W12_S16.py,skill/LQ_N3p5_R72_W12_S16.il,gds/LQ_N3p5_R72_W12_S16.gds,s2p/LQ_N3p5_R72_W12_S16.s2p
LQ_N3p5_R75_W10p4_S14,75.0,3.5,12,10.4,14.0,180.0,180.0,fdl/LQ_N3p5_R75_W10p4_S14.py,skill/LQ_N3p5_R75_W10p4_S14.il,gds/LQ_N3p5_R75_W10p4_S14.gds,s2p/LQ_N3p5_R75_W10p4_S14.s2p
LQ_N3p5_R75_W11p2_S14,75.0,3.5,12,11.2,14.0,180.0,180.0,fdl/LQ_N3p5_R75_W11p2_S14.py,skill/LQ_N3p5_R75_W11p2_S14.il,gds/LQ_N3p5_R75_W11p2_S14.gds,s2p/LQ_N3p5_R75_W11p2_S14.s2p
LQ_N3p5_R73_W11p2_S15,73.0,3.5,12,11.2,15.0,180.0,180.0,fdl/LQ_N3p5_R73_W11p2_S15.py,skill/LQ_N3p5_R73_W11p2_S15.il,gds/LQ_N3p5_R73_W11p2_S15.gds,s2p/LQ_N3p5_R73_W11p2_S15.s2p
LQ_N3p5_R74_W11p2_S14,74.0,3.5,12,11.2,14.0,180.0,180.0,fdl/LQ_N3p5_R74_W11p2_S14.py,skill/LQ_N3p5_R74_W11p2_S14.il,gds/LQ_N3p5_R74_W11p2_S14.gds,s2p/LQ_N3p5_R74_W11p2_S14.s2p
LQ_N3p5_R72_W11p2_S15,72.0,3.5,12,11.2,15.0,180.0,180.0,fdl/LQ_N3p5_R72_W11p2_S15.py,skill/LQ_N3p5_R72_W11p2_S15.il,gds/LQ_N3p5_R72_W11p2_S15.gds,s2p/LQ_N3p5_R72_W11p2_S15.s2p
LQ_N3p5_R77_W9p6_S14,77.0,3.5,12,9.6,14.0,180.0,180.0,fdl/LQ_N3p5_R77_W9p6_S14.py,skill/LQ_N3p5_R77_W9p6_S14.il,gds/LQ_N3p5_R77_W9p6_S14.gds,s2p/LQ_N3p5_R77_W9p6_S14.s2p
LQ_N3p5_R71_W10p4_S15,71.0,3.5,12,10.4,15.0,180.0,180.0,fdl/LQ_N3p5_R71_W10p4_S15.py,skill/LQ_N3p5_R71_W10p4_S15.il,gds/LQ_N3p5_R71_W10p4_S15.gds,s2p/LQ_N3p5_R71_W10p4_S15.s2p
LQ_N3p5_R73_W10p4_S14,73.0,3.5,12,10.4,14.0,180.0,180.0,fdl/LQ_N3p5_R73_W10p4_S14.py,skill/LQ_N3p5_R73_W10p4_S14.il,gds/LQ_N3p5_R73_W10p4_S14.gds,s2p/LQ_N3p5_R73_W10p4_S14.s2p
LQ_N3p5_R73_W11p2_S14,73.0,3.5,12,11.2,14.0,180.0,180.0,fdl/LQ_N3p5_R73_W11p2_S14.py,skill/LQ_N3p5_R73_W11p2_S14.il,gds/LQ_N3p5_R73_W11p2_S14.gds,s2p/LQ_N3p5_R73_W11p2_S14.s2p
LQ_N3p5_R71_W11p2_S15,71.0,3.5,12,11.2,15.0,180.0,180.0,fdl/LQ_N3p5_R71_W11p2_S15.py,skill/LQ_N3p5_R71_W11p2_S15.il,gds/LQ_N3p5_R71_W11p2_S15.gds,s2p/LQ_N3p5_R71_W11p2_S15.s2p
LQ_N3p5_R76_W9p6_S14,76.0,3.5,12,9.6,14.0,180.0,180.0,fdl/LQ_N3p5_R76_W9p6_S14.py,skill/LQ_N3p5_R76_W9p6_S14.il,gds/LQ_N3p5_R76_W9p6_S14.gds,s2p/LQ_N3p5_R76_W9p6_S14.s2p
LQ_N3p5_R72_W11p2_S14,72.0,3.5,12,11.2,14.0,180.0,180.0,fdl/LQ_N3p5_R72_W11p2_S14.py,skill/LQ_N3p5_R72_W11p2_S14.il,gds/LQ_N3p5_R72_W11p2_S14.gds,s2p/LQ_N3p5_R72_W11p2_S14.s2p
LQ_N3p5_R70_W11p2_S15,70.0,3.5,12,11.2,15.0,180.0,180.0,fdl/LQ_N3p5_R70_W11p2_S15.py,skill/LQ_N3p5_R70_W11p2_S15.il,gds/LQ_N3p5_R70_W11p2_S15.gds,s2p/LQ_N3p5_R70_W11p2_S15.s2p
LQ_N3p5_R92_W12_S18,92.0,3.5,12,12.0,18.0,180.0,180.0,fdl/LQ_N3p5_R92_W12_S18.py,skill/LQ_N3p5_R92_W12_S18.il,gds/LQ_N3p5_R92_W12_S18.gds,s2p/LQ_N3p5_R92_W12_S18.s2p
LQ_N3p5_R91_W12_S18,91.0,3.5,12,12.0,18.0,180.0,180.0,fdl/LQ_N3p5_R91_W12_S18.py,skill/LQ_N3p5_R91_W12_S18.il,gds/LQ_N3p5_R91_W12_S18.gds,s2p/LQ_N3p5_R91_W12_S18.s2p
LQ_N3p5_R90_W12_S18,90.0,3.5,12,12.0,18.0,180.0,180.0,fdl/LQ_N3p5_R90_W12_S18.py,skill/LQ_N3p5_R90_W12_S18.il,gds/LQ_N3p5_R90_W12_S18.gds,s2p/LQ_N3p5_R90_W12_S18.s2p
LQ_N3p5_R89_W12_S18,89.0,3.5,12,12.0,18.0,180.0,180.0,fdl/LQ_N3p5_R89_W12_S18.py,skill/LQ_N3p5_R89_W12_S18.il,gds/LQ_N3p5_R89_W12_S18.gds,s2p/LQ_N3p5_R89_W12_S18.s2p
LQ_N3p5_R88_W12_S18,88.0,3.5,12,12.0,18.0,180.0,180.0,fdl/LQ_N3p5_R88_W12_S18.py,skill/LQ_N3p5_R88_W12_S18.il,gds/LQ_N3p5_R88_W12_S18.gds,s2p/LQ_N3p5_R88_W12_S18.s2p
LQ_N3p5_R92_W10p4_S12,92.0,3.5,12,10.4,12.0,180.0,180.0,fdl/LQ_N3p5_R92_W10p4_S12.py,skill/LQ_N3p5_R92_W10p4_S12.il,gds/LQ_N3p5_R92_W10p4_S12.gds,s2p/LQ_N3p5_R92_W10p4_S12.s2p
LQ_N3p5_R91_W10p4_S12,91.0,3.5,12,10.4,12.0,180.0,180.0,fdl/LQ_N3p5_R91_W10p4_S12.py,skill/LQ_N3p5_R91_W10p4_S12.il,gds/LQ_N3p5_R91_W10p4_S12.gds,s2p/LQ_N3p5_R91_W10p4_S12.s2p
LQ_N3p5_R90_W10p4_S12,90.0,3.5,12,10.4,12.0,180.0,180.0,fdl/LQ_N3p5_R90_W10p4_S12.py,skill/LQ_N3p5_R90_W10p4_S12.il,gds/LQ_N3p5_R90_W10p4_S12.gds,s2p/LQ_N3p5_R90_W10p4_S12.s2p
LQ_N3p5_R89_W10p4_S12,89.0,3.5,12,10.4,12.0,180.0,180.0,fdl/LQ_N3p5_R89_W10p4_S12.py,skill/LQ_N3p5_R89_W10p4_S12.il,gds/LQ_N3p5_R89_W10p4_S12.gds,s2p/LQ_N3p5_R89_W10p4_S12.s2p
LQ_N3p5_R88_W10p4_S12,88.0,3.5,12,10.4,12.0,180.0,180.0,fdl/LQ_N3p5_R88_W10p4_S12.py,skill/LQ_N3p5_R88_W10p4_S12.il,gds/LQ_N3p5_R88_W10p4_S12.gds,s2p/LQ_N3p5_R88_W10p4_S12.s2p
LQ_N3p5_R92_W9p6_S12,92.0,3.5,12,9.6,12.0,180.0,180.0,fdl/LQ_N3p5_R92_W9p6_S12.py,skill/LQ_N3p5_R92_W9p6_S12.il,gds/LQ_N3p5_R92_W9p6_S12.gds,s2p/LQ_N3p5_R92_W9p6_S12.s2p
LQ_N3p5_R87_W10p4_S12,87.0,3.5,12,10.4,12.0,180.0,180.0,fdl/LQ_N3p5_R87_W10p4_S12.py,skill/LQ_N3p5_R87_W10p4_S12.il,gds/LQ_N3p5_R87_W10p4_S12.gds,s2p/LQ_N3p5_R87_W10p4_S12.s2p
LQ_N3p5_R91_W9p6_S12,91.0,3.5,12,9.6,12.0,180.0,180.0,fdl/LQ_N3p5_R91_W9p6_S12.py,skill/LQ_N3p5_R91_W9p6_S12.il,gds/LQ_N3p5_R91_W9p6_S12.gds,s2p/LQ_N3p5_R91_W9p6_S12.s2p
LQ_N3p5_R87_W11p2_S16,87.0,3.5,12,11.2,16.0,180.0,180.0,fdl/LQ_N3p5_R87_W11p2_S16.py,skill/LQ_N3p5_R87_W11p2_S16.il,gds/LQ_N3p5_R87_W11p2_S16.gds,s2p/LQ_N3p5_R87_W11p2_S16.s2p
LQ_N3p5_R86_W10p4_S12,86.0,3.5,12,10.4,12.0,180.0,180.0,fdl/LQ_N3p5_R86_W10p4_S12.py,skill/LQ_N3p5_R86_W10p4_S12.il,gds/LQ_N3p5_R86_W10p4_S12.gds,s2p/LQ_N3p5_R86_W10p4_S12.s2p
LQ_N3p5_R90_W9p6_S12,90.0,3.5,12,9.6,12.0,180.0,180.0,fdl/LQ_N3p5_R90_W9p6_S12.py,skill/LQ_N3p5_R90_W9p6_S12.il,gds/LQ_N3p5_R90_W9p6_S12.gds,s2p/LQ_N3p5_R90_W9p6_S12.s2p
LQ_N3p5_R86_W11p2_S16,86.0,3.5,12,11.2,16.0,180.0,180.0,fdl/LQ_N3p5_R86_W11p2_S16.py,skill/LQ_N3p5_R86_W11p2_S16.il,gds/LQ_N3p5_R86_W11p2_S16.gds,s2p/LQ_N3p5_R86_W11p2_S16.s2p
LQ_N3p5_R85_W10p4_S12,85.0,3.5,12,10.4,12.0,180.0,180.0,fdl/LQ_N3p5_R85_W10p4_S12.py,skill/LQ_N3p5_R85_W10p4_S12.il,gds/LQ_N3p5_R85_W10p4_S12.gds,s2p/LQ_N3p5_R85_W10p4_S12.s2p
LQ_N3p5_R89_W9p6_S12,89.0,3.5,12,9.6,12.0,180.0,180.0,fdl/LQ_N3p5_R89_W9p6_S12.py,skill/LQ_N3p5_R89_W9p6_S12.il,gds/LQ_N3p5_R89_W9p6_S12.gds,s2p/LQ_N3p5_R89_W9p6_S12.s2p
LQ_N3p5_R85_W11p2_S16,85.0,3.5,12,11.2,16.0,180.0,180.0,fdl/LQ_N3p5_R85_W11p2_S16.py,skill/LQ_N3p5_R85_W11p2_S16.il,gds/LQ_N3p5_R85_W11p2_S16.gds,s2p/LQ_N3p5_R85_W11p2_S16.s2p
LQ_N3p5_R88_W9p6_S12,88.0,3.5,12,9.6,12.0,180.0,180.0,fdl/LQ_N3p5_R88_W9p6_S12.py,skill/LQ_N3p5_R88_W9p6_S12.il,gds/LQ_N3p5_R88_W9p6_S12.gds,s2p/LQ_N3p5_R88_W9p6_S12.s2p
LQ_N3p5_R84_W11p2_S16,84.0,3.5,12,11.2,16.0,180.0,180.0,fdl/LQ_N3p5_R84_W11p2_S16.py,skill/LQ_N3p5_R84_W11p2_S16.il,gds/LQ_N3p5_R84_W11p2_S16.gds,s2p/LQ_N3p5_R84_W11p2_S16.s2p
LQ_N3p5_R88_W12_S16,88.0,3.5,12,12.0,16.0,180.0,180.0,fdl/LQ_N3p5_R88_W12_S16.py,skill/LQ_N3p5_R88_W12_S16.il,gds/LQ_N3p5_R88_W12_S16.gds,s2p/LQ_N3p5_R88_W12_S16.s2p
LQ_N3p5_R87_W9p6_S12,87.0,3.5,12,9.6,12.0,180.0,180.0,fdl/LQ_N3p5_R87_W9p6_S12.py,skill/LQ_N3p5_R87_W9p6_S12.il,gds/LQ_N3p5_R87_W9p6_S12.gds,s2p/LQ_N3p5_R87_W9p6_S12.s2p
LQ_N3p5_R83_W11p2_S16,83.0,3.5,12,11.2,16.0,180.0,180.0,fdl/LQ_N3p5_R83_W11p2_S16.py,skill/LQ_N3p5_R83_W11p2_S16.il,gds/LQ_N3p5_R83_W11p2_S16.gds,s2p/LQ_N3p5_R83_W11p2_S16.s2p
LQ_N3p5_R87_W12_S16,87.0,3.5,12,12.0,16.0,180.0,180.0,fdl/LQ_N3p5_R87_W12_S16.py,skill/LQ_N3p5_R87_W12_S16.il,gds/LQ_N3p5_R87_W12_S16.gds,s2p/LQ_N3p5_R87_W12_S16.s2p
LQ_N3p5_R86_W9p6_S12,86.0,3.5,12,9.6,12.0,180.0,180.0,fdl/LQ_N3p5_R86_W9p6_S12.py,skill/LQ_N3p5_R86_W9p6_S12.il,gds/LQ_N3p5_R86_W9p6_S12.gds,s2p/LQ_N3p5_R86_W9p6_S12.s2p
LQ_N3p5_R82_W11p2_S16,82.0,3.5,12,11.2,16.0,180.0,180.0,fdl/LQ_N3p5_R82_W11p2_S16.py,skill/LQ_N3p5_R82_W11p2_S16.il,gds/LQ_N3p5_R82_W11p2_S16.gds,s2p/LQ_N3p5_R82_W11p2_S16.s2p
LQ_N3p5_R86_W12_S16,86.0,3.5,12,12.0,16.0,180.0,180.0,fdl/LQ_N3p5_R86_W12_S16.py,skill/LQ_N3p5_R86_W12_S16.il,gds/LQ_N3p5_R86_W12_S16.gds,s2p/LQ_N3p5_R86_W12_S16.s2p
LQ_N3p5_R85_W9p6_S12,85.0,3.5,12,9.6,12.0,180.0,180.0,fdl/LQ_N3p5_R85_W9p6_S12.py,skill/LQ_N3p5_R85_W9p6_S12.il,gds/LQ_N3p5_R85_W9p6_S12.gds,s2p/LQ_N3p5_R85_W9p6_S12.s2p
LQ_N3p5_R81_W11p2_S16,81.0,3.5,12,11.2,16.0,180.0,180.0,fdl/LQ_N3p5_R81_W11p2_S16.py,skill/LQ_N3p5_R81_W11p2_S16.il,gds/LQ_N3p5_R81_W11p2_S16.gds,s2p/LQ_N3p5_R81_W11p2_S16.s2p
LQ_N3p5_R85_W12_S16,85.0,3.5,12,12.0,16.0,180.0,180.0,fdl/LQ_N3p5_R85_W12_S16.py,skill/LQ_N3p5_R85_W12_S16.il,gds/LQ_N3p5_R85_W12_S16.gds,s2p/LQ_N3p5_R85_W12_S16.s2p
LQ_N3p5_R86_W11p2_S15,86.0,3.5,12,11.2,15.0,180.0,180.0,fdl/LQ_N3p5_R86_W11p2_S15.py,skill/LQ_N3p5_R86_W11p2_S15.il,gds/LQ_N3p5_R86_W11p2_S15.gds,s2p/LQ_N3p5_R86_W11p2_S15.s2p
LQ_N3p5_R85_W10p4_S15,85.0,3.5,12,10.4,15.0,180.0,180.0,fdl/LQ_N3p5_R85_W10p4_S15.py,skill/LQ_N3p5_R85_W10p4_S15.il,gds/LQ_N3p5_R85_W10p4_S15.gds,s2p/LQ_N3p5_R85_W10p4_S15.s2p
LQ_N3p5_R80_W11p2_S16,80.0,3.5,12,11.2,16.0,180.0,180.0,fdl/LQ_N3p5_R80_W11p2_S16.py,skill/LQ_N3p5_R80_W11p2_S16.il,gds/LQ_N3p5_R80_W11p2_S16.gds,s2p/LQ_N3p5_R80_W11p2_S16.s2p
LQ_N3p5_R84_W12_S16,84.0,3.5,12,12.0,16.0,180.0,180.0,fdl/LQ_N3p5_R84_W12_S16.py,skill/LQ_N3p5_R84_W12_S16.il,gds/LQ_N3p5_R84_W12_S16.gds,s2p/LQ_N3p5_R84_W12_S16.s2p
LQ_N3p5_R85_W11p2_S15,85.0,3.5,12,11.2,15.0,180.0,180.0,fdl/LQ_N3p5_R85_W11p2_S15.py,skill/LQ_N3p5_R85_W11p2_S15.il,gds/LQ_N3p5_R85_W11p2_S15.gds,s2p/LQ_N3p5_R85_W11p2_S15.s2p
LQ_N3p5_R84_W10p4_S15,84.0,3.5,12,10.4,15.0,180.0,180.0,fdl/LQ_N3p5_R84_W10p4_S15.py,skill/LQ_N3p5_R84_W10p4_S15.il,gds/LQ_N3p5_R84_W10p4_S15.gds,s2p/LQ_N3p5_R84_W10p4_S15.s2p
LQ_N3p5_R83_W12_S16,83.0,3.5,12,12.0,16.0,180.0,180.0,fdl/LQ_N3p5_R83_W12_S16.py,skill/LQ_N3p5_R83_W12_S16.il,gds/LQ_N3p5_R83_W12_S16.gds,s2p/LQ_N3p5_R83_W12_S16.s2p
LQ_N3p5_R86_W10p4_S14,86.0,3.5,12,10.4,14.0,180.0,180.0,fdl/LQ_N3p5_R86_W10p4_S14.py,skill/LQ_N3p5_R86_W10p4_S14.il,gds/LQ_N3p5_R86_W10p4_S14.gds,s2p/LQ_N3p5_R86_W10p4_S14.s2p
LQ_N3p5_R86_W11p2_S14,86.0,3.5,12,11.2,14.0,180.0,180.0,fdl/LQ_N3p5_R86_W11p2_S14.py,skill/LQ_N3p5_R86_W11p2_S14.il,gds/LQ_N3p5_R86_W11p2_S14.gds,s2p/LQ_N3p5_R86_W11p2_S14.s2p
LQ_N3p5_R84_W11p2_S15,84.0,3.5,12,11.2,15.0,180.0,180.0,fdl/LQ_N3p5_R84_W11p2_S15.py,skill/LQ_N3p5_R84_W11p2_S15.il,gds/LQ_N3p5_R84_W11p2_S15.gds,s2p/LQ_N3p5_R84_W11p2_S15.s2p
LQ_N3p5_R83_W10p4_S15,83.0,3.5,12,10.4,15.0,180.0,180.0,fdl/LQ_N3p5_R83_W10p4_S15.py,skill/LQ_N3p5_R83_W10p4_S15.il,gds/LQ_N3p5_R83_W10p4_S15.gds,s2p/LQ_N3p5_R83_W10p4_S15.s2p
LQ_N3p5_R82_W12_S16,82.0,3.5,12,12.0,16.0,180.0,180.0,fdl/LQ_N3p5_R82_W12_S16.py,skill/LQ_N3p5_R82_W12_S16.il,gds/LQ_N3p5_R82_W12_S16.gds,s2p/LQ_N3p5_R82_W12_S16.s2p
LQ_N3p5_R85_W10p4_S14,85.0,3.5,12,10.4,14.0,180.0,180.0,fdl/LQ_N3p5_R85_W10p4_S14.py,skill/LQ_N3p5_R85_W10p4_S14.il,gds/LQ_N3p5_R85_W10p4_S14.gds,s2p/LQ_N3p5_R85_W10p4_S14.s2p
LQ_N3p5_R85_W11p2_S14,85.0,3.5,12,11.2,14.0,180.0,180.0,fdl/LQ_N3p5_R85_W11p2_S14.py,skill/LQ_N3p5_R85_W11p2_S14.il,gds/LQ_N3p5_R85_W11p2_S14.gds,s2p/LQ_N3p5_R85_W11p2_S14.s2p
LQ_N3p5_R83_W11p2_S15,83.0,3.5,12,11.2,15.0,180.0,180.0,fdl/LQ_N3p5_R83_W11p2_S15.py,skill/LQ_N3p5_R83_W11p2_S15.il,gds/LQ_N3p5_R83_W11p2_S15.gds,s2p/LQ_N3p5_R83_W11p2_S15.s2p
LQ_N3p5_R81_W12_S16,81.0,3.5,12,12.0,16.0,180.0,180.0,fdl/LQ_N3p5_R81_W12_S16.py,skill/LQ_N3p5_R81_W12_S16.il,gds/LQ_N3p5_R81_W12_S16.gds,s2p/LQ_N3p5_R81_W12_S16.s2p
LQ_N3p5_R84_W10p4_S14,84.0,3.5,12,10.4,14.0,180.0,180.0,fdl/LQ_N3p5_R84_W10p4_S14.py,skill/LQ_N3p5_R84_W10p4_S14.il,gds/LQ_N3p5_R84_W10p4_S14.gds,s2p/LQ_N3p5_R84_W10p4_S14.s2p
LQ_N3p5_R84_W11p2_S14,84.0,3.5,12,11.2,14.0,180.0,180.0,fdl/LQ_N3p5_R84_W11p2_S14.py,skill/LQ_N3p5_R84_W11p2_S14.il,gds/LQ_N3p5_R84_W11p2_S14.gds,s2p/LQ_N3p5_R84_W11p2_S14.s2p
LQ_N3p5_R82_W11p2_S15,82.0,3.5,12,11.2,15.0,180.0,180.0,fdl/LQ_N3p5_R82_W11p2_S15.py,skill/LQ_N3p5_R82_W11p2_S15.il,gds/LQ_N3p5_R82_W11p2_S15.gds,s2p/LQ_N3p5_R82_W11p2_S15.s2p
LQ_N3p5_R81_W10p4_S15,81.0,3.5,12,10.4,15.0,180.0,180.0,fdl/LQ_N3p5_R81_W10p4_S15.py,skill/LQ_N3p5_R81_W10p4_S15.il,gds/LQ_N3p5_R81_W10p4_S15.gds,s2p/LQ_N3p5_R81_W10p4_S15.s2p
LQ_N3p5_R83_W10p4_S14,83.0,3.5,12,10.4,14.0,180.0,180.0,fdl/LQ_N3p5_R83_W10p4_S14.py,skill/LQ_N3p5_R83_W10p4_S14.il,gds/LQ_N3p5_R83_W10p4_S14.gds,s2p/LQ_N3p5_R83_W10p4_S14.s2p
LQ_N3p5_R83_W11p2_S14,83.0,3.5,12,11.2,14.0,180.0,180.0,fdl/LQ_N3p5_R83_W11p2_S14.py,skill/LQ_N3p5_R83_W11p2_S14.il,gds/LQ_N3p5_R83_W11p2_S14.gds,s2p/LQ_N3p5_R83_W11p2_S14.s2p
LQ_N3p5_R81_W11p2_S15,81.0,3.5,12,11.2,15.0,180.0,180.0,fdl/LQ_N3p5_R81_W11p2_S15.py,skill/LQ_N3p5_R81_W11p2_S15.il,gds/LQ_N3p5_R81_W11p2_S15.gds,s2p/LQ_N3p5_R81_W11p2_S15.s2p
LQ_N3p5_R86_W9p6_S14,86.0,3.5,12,9.6,14.0,180.0,180.0,fdl/LQ_N3p5_R86_W9p6_S14.py,skill/LQ_N3p5_R86_W9p6_S14.il,gds/LQ_N3p5_R86_W9p6_S14.gds,s2p/LQ_N3p5_R86_W9p6_S14.s2p
LQ_N3p5_R82_W11p2_S14,82.0,3.5,12,11.2,14.0,180.0,180.0,fdl/LQ_N3p5_R82_W11p2_S14.py,skill/LQ_N3p5_R82_W11p2_S14.il,gds/LQ_N3p5_R82_W11p2_S14.gds,s2p/LQ_N3p5_R82_W11p2_S14.s2p
LQ_N3p5_R80_W11p2_S15,80.0,3.5,12,11.2,15.0,180.0,180.0,fdl/LQ_N3p5_R80_W11p2_S15.py,skill/LQ_N3p5_R80_W11p2_S15.il,gds/LQ_N3p5_R80_W11p2_S15.gds,s2p/LQ_N3p5_R80_W11p2_S15.s2p
LQ_N3p5_R85_W9p6_S14,85.0,3.5,12,9.6,14.0,180.0,180.0,fdl/LQ_N3p5_R85_W9p6_S14.py,skill/LQ_N3p5_R85_W9p6_S14.il,gds/LQ_N3p5_R85_W9p6_S14.gds,s2p/LQ_N3p5_R85_W9p6_S14.s2p
LQ_N3p5_R79_W10p4_S15,79.0,3.5,12,10.4,15.0,180.0,180.0,fdl/LQ_N3p5_R79_W10p4_S15.py,skill/LQ_N3p5_R79_W10p4_S15.il,gds/LQ_N3p5_R79_W10p4_S15.gds,s2p/LQ_N3p5_R79_W10p4_S15.s2p
LQ_N3p5_R92_W11p2_S16,92.0,3.5,12,11.2,16.0,180.0,180.0,fdl/LQ_N3p5_R92_W11p2_S16.py,skill/LQ_N3p5_R92_W11p2_S16.il,gds/LQ_N3p5_R92_W11p2_S16.gds,s2p/LQ_N3p5_R92_W11p2_S16.s2p
LQ_N3p5_R91_W11p2_S16,91.0,3.5,12,11.2,16.0,180.0,180.0,fdl/LQ_N3p5_R91_W11p2_S16.py,skill/LQ_N3p5_R91_W11p2_S16.il,gds/LQ_N3p5_R91_W11p2_S16.gds,s2p/LQ_N3p5_R91_W11p2_S16.s2p
LQ_N3p5_R90_W11p2_S16,90.0,3.5,12,11.2,16.0,180.0,180.0,fdl/LQ_N3p5_R90_W11p2_S16.py,skill/LQ_N3p5_R90_W11p2_S16.il,gds/LQ_N3p5_R90_W11p2_S16.gds,s2p/LQ_N3p5_R90_W11p2_S16.s2p
LQ_N3p5_R89_W11p2_S16,89.0,3.5,12,11.2,16.0,180.0,180.0,fdl/LQ_N3p5_R89_W11p2_S16.py,skill/LQ_N3p5_R89_W11p2_S16.il,gds/LQ_N3p5_R89_W11p2_S16.gds,s2p/LQ_N3p5_R89_W11p2_S16.s2p
LQ_N3p5_R88_W11p2_S16,88.0,3.5,12,11.2,16.0,180.0,180.0,fdl/LQ_N3p5_R88_W11p2_S16.py,skill/LQ_N3p5_R88_W11p2_S16.il,gds/LQ_N3p5_R88_W11p2_S16.gds,s2p/LQ_N3p5_R88_W11p2_S16.s2p
LQ_N3p5_R92_W12_S16,92.0,3.5,12,12.0,16.0,180.0,180.0,fdl/LQ_N3p5_R92_W12_S16.py,skill/LQ_N3p5_R92_W12_S16.il,gds/LQ_N3p5_R92_W12_S16.gds,s2p/LQ_N3p5_R92_W12_S16.s2p
LQ_N3p5_R92_W10p4_S15,92.0,3.5,12,10.4,15.0,180.0,180.0,fdl/LQ_N3p5_R92_W10p4_S15.py,skill/LQ_N3p5_R92_W10p4_S15.il,gds/LQ_N3p5_R92_W10p4_S15.gds,s2p/LQ_N3p5_R92_W10p4_S15.s2p
LQ_N3p5_R91_W12_S16,91.0,3.5,12,12.0,16.0,180.0,180.0,fdl/LQ_N3p5_R91_W12_S16.py,skill/LQ_N3p5_R91_W12_S16.il,gds/LQ_N3p5_R91_W12_S16.gds,s2p/LQ_N3p5_R91_W12_S16.s2p
LQ_N3p5_R92_W11p2_S15,92.0,3.5,12,11.2,15.0,180.0,180.0,fdl/LQ_N3p5_R92_W11p2_S15.py,skill/LQ_N3p5_R92_W11p2_S15.il,gds/LQ_N3p5_R92_W11p2_S15.gds,s2p/LQ_N3p5_R92_W11p2_S15.s2p
LQ_N3p5_R91_W10p4_S15,91.0,3.5,12,10.4,15.0,180.0,180.0,fdl/LQ_N3p5_R91_W10p4_S15.py,skill/LQ_N3p5_R91_W10p4_S15.il,gds/LQ_N3p5_R91_W10p4_S15.gds,s2p/LQ_N3p5_R91_W10p4_S15.s2p
LQ_N3p5_R90_W12_S16,90.0,3.5,12,12.0,16.0,180.0,180.0,fdl/LQ_N3p5_R90_W12_S16.py,skill/LQ_N3p5_R90_W12_S16.il,gds/LQ_N3p5_R90_W12_S16.gds,s2p/LQ_N3p5_R90_W12_S16.s2p
LQ_N3p5_R91_W11p2_S15,91.0,3.5,12,11.2,15.0,180.0,180.0,fdl/LQ_N3p5_R91_W11p2_S15.py,skill/LQ_N3p5_R91_W11p2_S15.il,gds/LQ_N3p5_R91_W11p2_S15.gds,s2p/LQ_N3p5_R91_W11p2_S15.s2p
LQ_N3p5_R90_W10p4_S15,90.0,3.5,12,10.4,15.0,180.0,180.0,fdl/LQ_N3p5_R90_W10p4_S15.py,skill/LQ_N3p5_R90_W10p4_S15.il,gds/LQ_N3p5_R90_W10p4_S15.gds,s2p/LQ_N3p5_R90_W10p4_S15.s2p
LQ_N3p5_R89_W12_S16,89.0,3.5,12,12.0,16.0,180.0,180.0,fdl/LQ_N3p5_R89_W12_S16.py,skill/LQ_N3p5_R89_W12_S16.il,gds/LQ_N3p5_R89_W12_S16.gds,s2p/LQ_N3p5_R89_W12_S16.s2p
LQ_N3p5_R92_W10p4_S14,92.0,3.5,12,10.4,14.0,180.0,180.0,fdl/LQ_N3p5_R92_W10p4_S14.py,skill/LQ_N3p5_R92_W10p4_S14.il,gds/LQ_N3p5_R92_W10p4_S14.gds,s2p/LQ_N3p5_R92_W10p4_S14.s2p
LQ_N3p5_R92_W11p2_S14,92.0,3.5,12,11.2,14.0,180.0,180.0,fdl/LQ_N3p5_R92_W11p2_S14.py,skill/LQ_N3p5_R92_W11p2_S14.il,gds/LQ_N3p5_R92_W11p2_S14.gds,s2p/LQ_N3p5_R92_W11p2_S14.s2p
LQ_N3p5_R90_W11p2_S15,90.0,3.5,12,11.2,15.0,180.0,180.0,fdl/LQ_N3p5_R90_W11p2_S15.py,skill/LQ_N3p5_R90_W11p2_S15.il,gds/LQ_N3p5_R90_W11p2_S15.gds,s2p/LQ_N3p5_R90_W11p2_S15.s2p
LQ_N3p5_R89_W10p4_S15,89.0,3.5,12,10.4,15.0,180.0,180.0,fdl/LQ_N3p5_R89_W10p4_S15.py,skill/LQ_N3p5_R89_W10p4_S15.il,gds/LQ_N3p5_R89_W10p4_S15.gds,s2p/LQ_N3p5_R89_W10p4_S15.s2p
LQ_N3p5_R91_W10p4_S14,91.0,3.5,12,10.4,14.0,180.0,180.0,fdl/LQ_N3p5_R91_W10p4_S14.py,skill/LQ_N3p5_R91_W10p4_S14.il,gds/LQ_N3p5_R91_W10p4_S14.gds,s2p/LQ_N3p5_R91_W10p4_S14.s2p
LQ_N3p5_R91_W11p2_S14,91.0,3.5,12,11.2,14.0,180.0,180.0,fdl/LQ_N3p5_R91_W11p2_S14.py,skill/LQ_N3p5_R91_W11p2_S14.il,gds/LQ_N3p5_R91_W11p2_S14.gds,s2p/LQ_N3p5_R91_W11p2_S14.s2p
LQ_N3p5_R89_W11p2_S15,89.0,3.5,12,11.2,15.0,180.0,180.0,fdl/LQ_N3p5_R89_W11p2_S15.py,skill/LQ_N3p5_R89_W11p2_S15.il,gds/LQ_N3p5_R89_W11p2_S15.gds,s2p/LQ_N3p5_R89_W11p2_S15.s2p
LQ_N3p5_R88_W10p4_S15,88.0,3.5,12,10.4,15.0,180.0,180.0,fdl/LQ_N3p5_R88_W10p4_S15.py,skill/LQ_N3p5_R88_W10p4_S15.il,gds/LQ_N3p5_R88_W10p4_S15.gds,s2p/LQ_N3p5_R88_W10p4_S15.s2p
LQ_N3p5_R90_W10p4_S14,90.0,3.5,12,10.4,14.0,180.0,180.0,fdl/LQ_N3p5_R90_W10p4_S14.py,skill/LQ_N3p5_R90_W10p4_S14.il,gds/LQ_N3p5_R90_W10p4_S14.gds,s2p/LQ_N3p5_R90_W10p4_S14.s2p
LQ_N3p5_R90_W11p2_S14,90.0,3.5,12,11.2,14.0,180.0,180.0,fdl/LQ_N3p5_R90_W11p2_S14.py,skill/LQ_N3p5_R90_W11p2_S14.il,gds/LQ_N3p5_R90_W11p2_S14.gds,s2p/LQ_N3p5_R90_W11p2_S14.s2p
LQ_N3p5_R88_W11p2_S15,88.0,3.5,12,11.2,15.0,180.0,180.0,fdl/LQ_N3p5_R88_W11p2_S15.py,skill/LQ_N3p5_R88_W11p2_S15.il,gds/LQ_N3p5_R88_W11p2_S15.gds,s2p/LQ_N3p5_R88_W11p2_S15.s2p
LQ_N3p5_R87_W10p4_S15,87.0,3.5,12,10.4,15.0,180.0,180.0,fdl/LQ_N3p5_R87_W10p4_S15.py,skill/LQ_N3p5_R87_W10p4_S15.il,gds/LQ_N3p5_R87_W10p4_S15.gds,s2p/LQ_N3p5_R87_W10p4_S15.s2p
LQ_N3p5_R89_W10p4_S14,89.0,3.5,12,10.4,14.0,180.0,180.0,fdl/LQ_N3p5_R89_W10p4_S14.py,skill/LQ_N3p5_R89_W10p4_S14.il,gds/LQ_N3p5_R89_W10p4_S14.gds,s2p/LQ_N3p5_R89_W10p4_S14.s2p
LQ_N3p5_R89_W11p2_S14,89.0,3.5,12,11.2,14.0,180.0,180.0,fdl/LQ_N3p5_R89_W11p2_S14.py,skill/LQ_N3p5_R89_W11p2_S14.il,gds/LQ_N3p5_R89_W11p2_S14.gds,s2p/LQ_N3p5_R89_W11p2_S14.s2p
LQ_N3p5_R87_W11p2_S15,87.0,3.5,12,11.2,15.0,180.0,180.0,fdl/LQ_N3p5_R87_W11p2_S15.py,skill/LQ_N3p5_R87_W11p2_S15.il,gds/LQ_N3p5_R87_W11p2_S15.gds,s2p/LQ_N3p5_R87_W11p2_S15.s2p
LQ_N3p5_R92_W9p6_S14,92.0,3.5,12,9.6,14.0,180.0,180.0,fdl/LQ_N3p5_R92_W9p6_S14.py,skill/LQ_N3p5_R92_W9p6_S14.il,gds/LQ_N3p5_R92_W9p6_S14.gds,s2p/LQ_N3p5_R92_W9p6_S14.s2p
LQ_N3p5_R86_W10p4_S15,86.0,3.5,12,10.4,15.0,180.0,180.0,fdl/LQ_N3p5_R86_W10p4_S15.py,skill/LQ_N3p5_R86_W10p4_S15.il,gds/LQ_N3p5_R86_W10p4_S15.gds,s2p/LQ_N3p5_R86_W10p4_S15.s2p
LQ_N3p5_R88_W10p4_S14,88.0,3.5,12,10.4,14.0,180.0,180.0,fdl/LQ_N3p5_R88_W10p4_S14.py,skill/LQ_N3p5_R88_W10p4_S14.il,gds/LQ_N3p5_R88_W10p4_S14.gds,s2p/LQ_N3p5_R88_W10p4_S14.s2p
LQ_N3p5_R88_W11p2_S14,88.0,3.5,12,11.2,14.0,180.0,180.0,fdl/LQ_N3p5_R88_W11p2_S14.py,skill/LQ_N3p5_R88_W11p2_S14.il,gds/LQ_N3p5_R88_W11p2_S14.gds,s2p/LQ_N3p5_R88_W11p2_S14.s2p
LQ_N3p5_R91_W9p6_S14,91.0,3.5,12,9.6,14.0,180.0,180.0,fdl/LQ_N3p5_R91_W9p6_S14.py,skill/LQ_N3p5_R91_W9p6_S14.il,gds/LQ_N3p5_R91_W9p6_S14.gds,s2p/LQ_N3p5_R91_W9p6_S14.s2p
LQ_N3p5_R87_W10p4_S14,87.0,3.5,12,10.4,14.0,180.0,180.0,fdl/LQ_N3p5_R87_W10p4_S14.py,skill/LQ_N3p5_R87_W10p4_S14.il,gds/LQ_N3p5_R87_W10p4_S14.gds,s2p/LQ_N3p5_R87_W10p4_S14.s2p
LQ_N3p5_R87_W11p2_S14,87.0,3.5,12,11.2,14.0,180.0,180.0,fdl/LQ_N3p5_R87_W11p2_S14.py,skill/LQ_N3p5_R87_W11p2_S14.il,gds/LQ_N3p5_R87_W11p2_S14.gds,s2p/LQ_N3p5_R87_W11p2_S14.s2p
LQ_N3p5_R90_W9p6_S14,90.0,3.5,12,9.6,14.0,180.0,180.0,fdl/LQ_N3p5_R90_W9p6_S14.py,skill/LQ_N3p5_R90_W9p6_S14.il,gds/LQ_N3p5_R90_W9p6_S14.gds,s2p/LQ_N3p5_R90_W9p6_S14.s2p
LQ_N3p5_R89_W9p6_S14,89.0,3.5,12,9.6,14.0,180.0,180.0,fdl/LQ_N3p5_R89_W9p6_S14.py,skill/LQ_N3p5_R89_W9p6_S14.il,gds/LQ_N3p5_R89_W9p6_S14.gds,s2p/LQ_N3p5_R89_W9p6_S14.s2p
LQ_N3p5_R88_W9p6_S14,88.0,3.5,12,9.6,14.0,180.0,180.0,fdl/LQ_N3p5_R88_W9p6_S14.py,skill/LQ_N3p5_R88_W9p6_S14.il,gds/LQ_N3p5_R88_W9p6_S14.gds,s2p/LQ_N3p5_R88_W9p6_S14.s2p
LQ_N3p5_R87_W9p6_S14,87.0,3.5,12,9.6,14.0,180.0,180.0,fdl/LQ_N3p5_R87_W9p6_S14.py,skill/LQ_N3p5_R87_W9p6_S14.il,gds/LQ_N3p5_R87_W9p6_S14.gds,s2p/LQ_N3p5_R87_W9p6_S14.s2p
LQ_N4p5_R58_W9p6_S12,58.0,4.5,12,9.6,12.0,180.0,180.0,fdl/LQ_N4p5_R58_W9p6_S12.py,skill/LQ_N4p5_R58_W9p6_S12.il,gds/LQ_N4p5_R58_W9p6_S12.gds,s2p/LQ_N4p5_R58_W9p6_S12.s2p
LQ_N4p5_R57_W9p6_S12,57.0,4.5,12,9.6,12.0,180.0,180.0,fdl/LQ_N4p5_R57_W9p6_S12.py,skill/LQ_N4p5_R57_W9p6_S12.il,gds/LQ_N4p5_R57_W9p6_S12.gds,s2p/LQ_N4p5_R57_W9p6_S12.s2p
LQ_N4p5_R56_W9p6_S12,56.0,4.5,12,9.6,12.0,180.0,180.0,fdl/LQ_N4p5_R56_W9p6_S12.py,skill/LQ_N4p5_R56_W9p6_S12.il,gds/LQ_N4p5_R56_W9p6_S12.gds,s2p/LQ_N4p5_R56_W9p6_S12.s2p
LQ_N4p5_R55_W9p6_S12,55.0,4.5,12,9.6,12.0,180.0,180.0,fdl/LQ_N4p5_R55_W9p6_S12.py,skill/LQ_N4p5_R55_W9p6_S12.il,gds/LQ_N4p5_R55_W9p6_S12.gds,s2p/LQ_N4p5_R55_W9p6_S12.s2p
LQ_N4p5_R52_W10p4_S12,52.0,4.5,12,10.4,12.0,180.0,180.0,fdl/LQ_N4p5_R52_W10p4_S12.py,skill/LQ_N4p5_R52_W10p4_S12.il,gds/LQ_N4p5_R52_W10p4_S12.gds,s2p/LQ_N4p5_R52_W10p4_S12.s2p
LQ_N4p5_R54_W9p6_S12,54.0,4.5,12,9.6,12.0,180.0,180.0,fdl/LQ_N4p5_R54_W9p6_S12.py,skill/LQ_N4p5_R54_W9p6_S12.il,gds/LQ_N4p5_R54_W9p6_S12.gds,s2p/LQ_N4p5_R54_W9p6_S12.s2p
LQ_N4p5_R51_W10p4_S12,51.0,4.5,12,10.4,12.0,180.0,180.0,fdl/LQ_N4p5_R51_W10p4_S12.py,skill/LQ_N4p5_R51_W10p4_S12.il,gds/LQ_N4p5_R51_W10p4_S12.gds,s2p/LQ_N4p5_R51_W10p4_S12.s2p
LQ_N4p5_R53_W9p6_S12,53.0,4.5,12,9.6,12.0,180.0,180.0,fdl/LQ_N4p5_R53_W9p6_S12.py,skill/LQ_N4p5_R53_W9p6_S12.il,gds/LQ_N4p5_R53_W9p6_S12.gds,s2p/LQ_N4p5_R53_W9p6_S12.s2p
LQ_N4p5_R50_W10p4_S12,50.0,4.5,12,10.4,12.0,180.0,180.0,fdl/LQ_N4p5_R50_W10p4_S12.py,skill/LQ_N4p5_R50_W10p4_S12.il,gds/LQ_N4p5_R50_W10p4_S12.gds,s2p/LQ_N4p5_R50_W10p4_S12.s2p
LQ_N4p5_R52_W9p6_S12,52.0,4.5,12,9.6,12.0,180.0,180.0,fdl/LQ_N4p5_R52_W9p6_S12.py,skill/LQ_N4p5_R52_W9p6_S12.il,gds/LQ_N4p5_R52_W9p6_S12.gds,s2p/LQ_N4p5_R52_W9p6_S12.s2p
LQ_N4p5_R49_W10p4_S12,49.0,4.5,12,10.4,12.0,180.0,180.0,fdl/LQ_N4p5_R49_W10p4_S12.py,skill/LQ_N4p5_R49_W10p4_S12.il,gds/LQ_N4p5_R49_W10p4_S12.gds,s2p/LQ_N4p5_R49_W10p4_S12.s2p
LQ_N4p5_R51_W9p6_S12,51.0,4.5,12,9.6,12.0,180.0,180.0,fdl/LQ_N4p5_R51_W9p6_S12.py,skill/LQ_N4p5_R51_W9p6_S12.il,gds/LQ_N4p5_R51_W9p6_S12.gds,s2p/LQ_N4p5_R51_W9p6_S12.s2p
LQ_N4p5_R48_W10p4_S12,48.0,4.5,12,10.4,12.0,180.0,180.0,fdl/LQ_N4p5_R48_W10p4_S12.py,skill/LQ_N4p5_R48_W10p4_S12.il,gds/LQ_N4p5_R48_W10p4_S12.gds,s2p/LQ_N4p5_R48_W10p4_S12.s2p
LQ_N4p5_R48_W12_S18,48.0,4.5,12,12.0,18.0,180.0,180.0,fdl/LQ_N4p5_R48_W12_S18.py,skill/LQ_N4p5_R48_W12_S18.il,gds/LQ_N4p5_R48_W12_S18.gds,s2p/LQ_N4p5_R48_W12_S18.s2p
LQ_N4p5_R47_W10p4_S12,47.0,4.5,12,10.4,12.0,180.0,180.0,fdl/LQ_N4p5_R47_W10p4_S12.py,skill/LQ_N4p5_R47_W10p4_S12.il,gds/LQ_N4p5_R47_W10p4_S12.gds,s2p/LQ_N4p5_R47_W10p4_S12.s2p
LQ_N4p5_R47_W12_S18,47.0,4.5,12,12.0,18.0,180.0,180.0,fdl/LQ_N4p5_R47_W12_S18.py,skill/LQ_N4p5_R47_W12_S18.il,gds/LQ_N4p5_R47_W12_S18.gds,s2p/LQ_N4p5_R47_W12_S18.s2p
LQ_N4p5_R46_W10p4_S12,46.0,4.5,12,10.4,12.0,180.0,180.0,fdl/LQ_N4p5_R46_W10p4_S12.py,skill/LQ_N4p5_R46_W10p4_S12.il,gds/LQ_N4p5_R46_W10p4_S12.gds,s2p/LQ_N4p5_R46_W10p4_S12.s2p
LQ_N4p5_R46_W12_S18,46.0,4.5,12,12.0,18.0,180.0,180.0,fdl/LQ_N4p5_R46_W12_S18.py,skill/LQ_N4p5_R46_W12_S18.il,gds/LQ_N4p5_R46_W12_S18.gds,s2p/LQ_N4p5_R46_W12_S18.s2p
LQ_N4p5_R45_W10p4_S12,45.0,4.5,12,10.4,12.0,180.0,180.0,fdl/LQ_N4p5_R45_W10p4_S12.py,skill/LQ_N4p5_R45_W10p4_S12.il,gds/LQ_N4p5_R45_W10p4_S12.gds,s2p/LQ_N4p5_R45_W10p4_S12.s2p
LQ_N4p5_R45_W12_S18,45.0,4.5,12,12.0,18.0,180.0,180.0,fdl/LQ_N4p5_R45_W12_S18.py,skill/LQ_N4p5_R45_W12_S18.il,gds/LQ_N4p5_R45_W12_S18.gds,s2p/LQ_N4p5_R45_W12_S18.s2p
LQ_N4p5_R68_W9p6_S12,68.0,4.5,12,9.6,12.0,180.0,180.0,fdl/LQ_N4p5_R68_W9p6_S12.py,skill/LQ_N4p5_R68_W9p6_S12.il,gds/LQ_N4p5_R68_W9p6_S12.gds,s2p/LQ_N4p5_R68_W9p6_S12.s2p
LQ_N4p5_R67_W9p6_S12,67.0,4.5,12,9.6,12.0,180.0,180.0,fdl/LQ_N4p5_R67_W9p6_S12.py,skill/LQ_N4p5_R67_W9p6_S12.il,gds/LQ_N4p5_R67_W9p6_S12.gds,s2p/LQ_N4p5_R67_W9p6_S12.s2p
LQ_N4p5_R64_W10p4_S12,64.0,4.5,12,10.4,12.0,180.0,180.0,fdl/LQ_N4p5_R64_W10p4_S12.py,skill/LQ_N4p5_R64_W10p4_S12.il,gds/LQ_N4p5_R64_W10p4_S12.gds,s2p/LQ_N4p5_R64_W10p4_S12.s2p
LQ_N4p5_R66_W9p6_S12,66.0,4.5,12,9.6,12.0,180.0,180.0,fdl/LQ_N4p5_R66_W9p6_S12.py,skill/LQ_N4p5_R66_W9p6_S12.il,gds/LQ_N4p5_R66_W9p6_S12.gds,s2p/LQ_N4p5_R66_W9p6_S12.s2p
LQ_N4p5_R63_W10p4_S12,63.0,4.5,12,10.4,12.0,180.0,180.0,fdl/LQ_N4p5_R63_W10p4_S12.py,skill/LQ_N4p5_R63_W10p4_S12.il,gds/LQ_N4p5_R63_W10p4_S12.gds,s2p/LQ_N4p5_R63_W10p4_S12.s2p
LQ_N4p5_R65_W9p6_S12,65.0,4.5,12,9.6,12.0,180.0,180.0,fdl/LQ_N4p5_R65_W9p6_S12.py,skill/LQ_N4p5_R65_W9p6_S12.il,gds/LQ_N4p5_R65_W9p6_S12.gds,s2p/LQ_N4p5_R65_W9p6_S12.s2p
LQ_N4p5_R62_W10p4_S12,62.0,4.5,12,10.4,12.0,180.0,180.0,fdl/LQ_N4p5_R62_W10p4_S12.py,skill/LQ_N4p5_R62_W10p4_S12.il,gds/LQ_N4p5_R62_W10p4_S12.gds,s2p/LQ_N4p5_R62_W10p4_S12.s2p
LQ_N4p5_R64_W9p6_S12,64.0,4.5,12,9.6,12.0,180.0,180.0,fdl/LQ_N4p5_R64_W9p6_S12.py,skill/LQ_N4p5_R64_W9p6_S12.il,gds/LQ_N4p5_R64_W9p6_S12.gds,s2p/LQ_N4p5_R64_W9p6_S12.s2p
LQ_N4p5_R61_W10p4_S12,61.0,4.5,12,10.4,12.0,180.0,180.0,fdl/LQ_N4p5_R61_W10p4_S12.py,skill/LQ_N4p5_R61_W10p4_S12.il,gds/LQ_N4p5_R61_W10p4_S12.gds,s2p/LQ_N4p5_R61_W10p4_S12.s2p
LQ_N4p5_R63_W9p6_S12,63.0,4.5,12,9.6,12.0,180.0,180.0,fdl/LQ_N4p5_R63_W9p6_S12.py,skill/LQ_N4p5_R63_W9p6_S12.il,gds/LQ_N4p5_R63_W9p6_S12.gds,s2p/LQ_N4p5_R63_W9p6_S12.s2p
LQ_N4p5_R60_W10p4_S12,60.0,4.5,12,10.4,12.0,180.0,180.0,fdl/LQ_N4p5_R60_W10p4_S12.py,skill/LQ_N4p5_R60_W10p4_S12.il,gds/LQ_N4p5_R60_W10p4_S12.gds,s2p/LQ_N4p5_R60_W10p4_S12.s2p
LQ_N4p5_R62_W9p6_S12,62.0,4.5,12,9.6,12.0,180.0,180.0,fdl/LQ_N4p5_R62_W9p6_S12.py,skill/LQ_N4p5_R62_W9p6_S12.il,gds/LQ_N4p5_R62_W9p6_S12.gds,s2p/LQ_N4p5_R62_W9p6_S12.s2p
LQ_N4p5_R59_W10p4_S12,59.0,4.5,12,10.4,12.0,180.0,180.0,fdl/LQ_N4p5_R59_W10p4_S12.py,skill/LQ_N4p5_R59_W10p4_S12.il,gds/LQ_N4p5_R59_W10p4_S12.gds,s2p/LQ_N4p5_R59_W10p4_S12.s2p
LQ_N4p5_R61_W9p6_S12,61.0,4.5,12,9.6,12.0,180.0,180.0,fdl/LQ_N4p5_R61_W9p6_S12.py,skill/LQ_N4p5_R61_W9p6_S12.il,gds/LQ_N4p5_R61_W9p6_S12.gds,s2p/LQ_N4p5_R61_W9p6_S12.s2p
LQ_N4p5_R58_W10p4_S12,58.0,4.5,12,10.4,12.0,180.0,180.0,fdl/LQ_N4p5_R58_W10p4_S12.py,skill/LQ_N4p5_R58_W10p4_S12.il,gds/LQ_N4p5_R58_W10p4_S12.gds,s2p/LQ_N4p5_R58_W10p4_S12.s2p
LQ_N4p5_R57_W10p4_S12,57.0,4.5,12,10.4,12.0,180.0,180.0,fdl/LQ_N4p5_R57_W10p4_S12.py,skill/LQ_N4p5_R57_W10p4_S12.il,gds/LQ_N4p5_R57_W10p4_S12.gds,s2p/LQ_N4p5_R57_W10p4_S12.s2p
LQ_N4p5_R55_W12_S18,55.0,4.5,12,12.0,18.0,180.0,180.0,fdl/LQ_N4p5_R55_W12_S18.py,skill/LQ_N4p5_R55_W12_S18.il,gds/LQ_N4p5_R55_W12_S18.gds,s2p/LQ_N4p5_R55_W12_S18.s2p
LQ_N4p5_R54_W12_S18,54.0,4.5,12,12.0,18.0,180.0,180.0,fdl/LQ_N4p5_R54_W12_S18.py,skill/LQ_N4p5_R54_W12_S18.il,gds/LQ_N4p5_R54_W12_S18.gds,s2p/LQ_N4p5_R54_W12_S18.s2p
LQ_N4p5_R53_W12_S18,53.0,4.5,12,12.0,18.0,180.0,180.0,fdl/LQ_N4p5_R53_W12_S18.py,skill/LQ_N4p5_R53_W12_S18.il,gds/LQ_N4p5_R53_W12_S18.gds,s2p/LQ_N4p5_R53_W12_S18.s2p
LQ_N4p5_R52_W12_S18,52.0,4.5,12,12.0,18.0,180.0,180.0,fdl/LQ_N4p5_R52_W12_S18.py,skill/LQ_N4p5_R52_W12_S18.il,gds/LQ_N4p5_R52_W12_S18.gds,s2p/LQ_N4p5_R52_W12_S18.s2p
LQ_N4p5_R51_W12_S18,51.0,4.5,12,12.0,18.0,180.0,180.0,fdl/LQ_N4p5_R51_W12_S18.py,skill/LQ_N4p5_R51_W12_S18.il,gds/LQ_N4p5_R51_W12_S18.gds,s2p/LQ_N4p5_R51_W12_S18.s2p
LQ_N4p5_R62_W10p4_S14,62.0,4.5,12,10.4,14.0,180.0,180.0,fdl/LQ_N4p5_R62_W10p4_S14.py,skill/LQ_N4p5_R62_W10p4_S14.il,gds/LQ_N4p5_R62_W10p4_S14.gds,s2p/LQ_N4p5_R62_W10p4_S14.s2p
LQ_N4p5_R63_W9p6_S14,63.0,4.5,12,9.6,14.0,180.0,180.0,fdl/LQ_N4p5_R63_W9p6_S14.py,skill/LQ_N4p5_R63_W9p6_S14.il,gds/LQ_N4p5_R63_W9p6_S14.gds,s2p/LQ_N4p5_R63_W9p6_S14.s2p
LQ_N4p5_R50_W12_S18,50.0,4.5,12,12.0,18.0,180.0,180.0,fdl/LQ_N4p5_R50_W12_S18.py,skill/LQ_N4p5_R50_W12_S18.il,gds/LQ_N4p5_R50_W12_S18.gds,s2p/LQ_N4p5_R50_W12_S18.s2p
LQ_N4p5_R61_W10p4_S14,61.0,4.5,12,10.4,14.0,180.0,180.0,fdl/LQ_N4p5_R61_W10p4_S14.py,skill/LQ_N4p5_R61_W10p4_S14.il,gds/LQ_N4p5_R61_W10p4_S14.gds,s2p/LQ_N4p5_R61_W10p4_S14.s2p
LQ_N4p5_R62_W9p6_S14,62.0,4.5,12,9.6,14.0,180.0,180.0,fdl/LQ_N4p5_R62_W9p6_S14.py,skill/LQ_N4p5_R62_W9p6_S14.il,gds/LQ_N4p5_R62_W9p6_S14.gds,s2p/LQ_N4p5_R62_W9p6_S14.s2p
LQ_N4p5_R49_W12_S18,49.0,4.5,12,12.0,18.0,180.0,180.0,fdl/LQ_N4p5_R49_W12_S18.py,skill/LQ_N4p5_R49_W12_S18.il,gds/LQ_N4p5_R49_W12_S18.gds,s2p/LQ_N4p5_R49_W12_S18.s2p
LQ_N4p5_R60_W10p4_S14,60.0,4.5,12,10.4,14.0,180.0,180.0,fdl/LQ_N4p5_R60_W10p4_S14.py,skill/LQ_N4p5_R60_W10p4_S14.il,gds/LQ_N4p5_R60_W10p4_S14.gds,s2p/LQ_N4p5_R60_W10p4_S14.s2p
LQ_N4p5_R59_W10p4_S15,59.0,4.5,12,10.4,15.0,180.0,180.0,fdl/LQ_N4p5_R59_W10p4_S15.py,skill/LQ_N4p5_R59_W10p4_S15.il,gds/LQ_N4p5_R59_W10p4_S15.gds,s2p/LQ_N4p5_R59_W10p4_S15.s2p
LQ_N4p5_R61_W11p2_S14,61.0,4.5,12,11.2,14.0,180.0,180.0,fdl/LQ_N4p5_R61_W11p2_S14.py,skill/LQ_N4p5_R61_W11p2_S14.il,gds/LQ_N4p5_R61_W11p2_S14.gds,s2p/LQ_N4p5_R61_W11p2_S14.s2p
LQ_N4p5_R61_W9p6_S14,61.0,4.5,12,9.6,14.0,180.0,180.0,fdl/LQ_N4p5_R61_W9p6_S14.py,skill/LQ_N4p5_R61_W9p6_S14.il,gds/LQ_N4p5_R61_W9p6_S14.gds,s2p/LQ_N4p5_R61_W9p6_S14.s2p
LQ_N4p5_R59_W10p4_S14,59.0,4.5,12,10.4,14.0,180.0,180.0,fdl/LQ_N4p5_R59_W10p4_S14.py,skill/LQ_N4p5_R59_W10p4_S14.il,gds/LQ_N4p5_R59_W10p4_S14.gds,s2p/LQ_N4p5_R59_W10p4_S14.s2p
LQ_N4p5_R57_W11p2_S16,57.0,4.5,12,11.2,16.0,180.0,180.0,fdl/LQ_N4p5_R57_W11p2_S16.py,skill/LQ_N4p5_R57_W11p2_S16.il,gds/LQ_N4p5_R57_W11p2_S16.gds,s2p/LQ_N4p5_R57_W11p2_S16.s2p
LQ_N4p5_R60_W11p2_S14,60.0,4.5,12,11.2,14.0,180.0,180.0,fdl/LQ_N4p5_R60_W11p2_S14.py,skill/LQ_N4p5_R60_W11p2_S14.il,gds/LQ_N4p5_R60_W11p2_S14.gds,s2p/LQ_N4p5_R60_W11p2_S14.s2p
LQ_N4p5_R60_W11p2_S15,60.0,4.5,12,11.2,15.0,180.0,180.0,fdl/LQ_N4p5_R60_W11p2_S15.py,skill/LQ_N4p5_R60_W11p2_S15.il,gds/LQ_N4p5_R60_W11p2_S15.gds,s2p/LQ_N4p5_R60_W11p2_S15.s2p
LQ_N4p5_R60_W9p6_S14,60.0,4.5,12,9.6,14.0,180.0,180.0,fdl/LQ_N4p5_R60_W9p6_S14.py,skill/LQ_N4p5_R60_W9p6_S14.il,gds/LQ_N4p5_R60_W9p6_S14.gds,s2p/LQ_N4p5_R60_W9p6_S14.s2p
LQ_N4p5_R58_W10p4_S14,58.0,4.5,12,10.4,14.0,180.0,180.0,fdl/LQ_N4p5_R58_W10p4_S14.py,skill/LQ_N4p5_R58_W10p4_S14.il,gds/LQ_N4p5_R58_W10p4_S14.gds,s2p/LQ_N4p5_R58_W10p4_S14.s2p
LQ_N4p5_R57_W10p4_S15,57.0,4.5,12,10.4,15.0,180.0,180.0,fdl/LQ_N4p5_R57_W10p4_S15.py,skill/LQ_N4p5_R57_W10p4_S15.il,gds/LQ_N4p5_R57_W10p4_S15.gds,s2p/LQ_N4p5_R57_W10p4_S15.s2p
LQ_N4p5_R59_W11p2_S14,59.0,4.5,12,11.2,14.0,180.0,180.0,fdl/LQ_N4p5_R59_W11p2_S14.py,skill/LQ_N4p5_R59_W11p2_S14.il,gds/LQ_N4p5_R59_W11p2_S14.gds,s2p/LQ_N4p5_R59_W11p2_S14.s2p
LQ_N4p5_R59_W11p2_S15,59.0,4.5,12,11.2,15.0,180.0,180.0,fdl/LQ_N4p5_R59_W11p2_S15.py,skill/LQ_N4p5_R59_W11p2_S15.il,gds/LQ_N4p5_R59_W11p2_S15.gds,s2p/LQ_N4p5_R59_W11p2_S15.s2p
LQ_N4p5_R59_W9p6_S14,59.0,4.5,12,9.6,14.0,180.0,180.0,fdl/LQ_N4p5_R59_W9p6_S14.py,skill/LQ_N4p5_R59_W9p6_S14.il,gds/LQ_N4p5_R59_W9p6_S14.gds,s2p/LQ_N4p5_R59_W9p6_S14.s2p
LQ_N4p5_R57_W10p4_S14,57.0,4.5,12,10.4,14.0,180.0,180.0,fdl/LQ_N4p5_R57_W10p4_S14.py,skill/LQ_N4p5_R57_W10p4_S14.il,gds/LQ_N4p5_R57_W10p4_S14.gds,s2p/LQ_N4p5_R57_W10p4_S14.s2p
LQ_N4p5_R55_W11p2_S16,55.0,4.5,12,11.2,16.0,180.0,180.0,fdl/LQ_N4p5_R55_W11p2_S16.py,skill/LQ_N4p5_R55_W11p2_S16.il,gds/LQ_N4p5_R55_W11p2_S16.gds,s2p/LQ_N4p5_R55_W11p2_S16.s2p
LQ_N4p5_R58_W11p2_S14,58.0,4.5,12,11.2,14.0,180.0,180.0,fdl/LQ_N4p5_R58_W11p2_S14.py,skill/LQ_N4p5_R58_W11p2_S14.il,gds/LQ_N4p5_R58_W11p2_S14.gds,s2p/LQ_N4p5_R58_W11p2_S14.s2p
LQ_N4p5_R58_W11p2_S15,58.0,4.5,12,11.2,15.0,180.0,180.0,fdl/LQ_N4p5_R58_W11p2_S15.py,skill/LQ_N4p5_R58_W11p2_S15.il,gds/LQ_N4p5_R58_W11p2_S15.gds,s2p/LQ_N4p5_R58_W11p2_S15.s2p
LQ_N4p5_R58_W9p6_S14,58.0,4.5,12,9.6,14.0,180.0,180.0,fdl/LQ_N4p5_R58_W9p6_S14.py,skill/LQ_N4p5_R58_W9p6_S14.il,gds/LQ_N4p5_R58_W9p6_S14.gds,s2p/LQ_N4p5_R58_W9p6_S14.s2p
LQ_N4p5_R56_W10p4_S14,56.0,4.5,12,10.4,14.0,180.0,180.0,fdl/LQ_N4p5_R56_W10p4_S14.py,skill/LQ_N4p5_R56_W10p4_S14.il,gds/LQ_N4p5_R56_W10p4_S14.gds,s2p/LQ_N4p5_R56_W10p4_S14.s2p
LQ_N4p5_R55_W10p4_S15,55.0,4.5,12,10.4,15.0,180.0,180.0,fdl/LQ_N4p5_R55_W10p4_S15.py,skill/LQ_N4p5_R55_W10p4_S15.il,gds/LQ_N4p5_R55_W10p4_S15.gds,s2p/LQ_N4p5_R55_W10p4_S15.s2p
LQ_N4p5_R57_W11p2_S14,57.0,4.5,12,11.2,14.0,180.0,180.0,fdl/LQ_N4p5_R57_W11p2_S14.py,skill/LQ_N4p5_R57_W11p2_S14.il,gds/LQ_N4p5_R57_W11p2_S14.gds,s2p/LQ_N4p5_R57_W11p2_S14.s2p
LQ_N4p5_R57_W11p2_S15,57.0,4.5,12,11.2,15.0,180.0,180.0,fdl/LQ_N4p5_R57_W11p2_S15.py,skill/LQ_N4p5_R57_W11p2_S15.il,gds/LQ_N4p5_R57_W11p2_S15.gds,s2p/LQ_N4p5_R57_W11p2_S15.s2p
LQ_N4p5_R57_W9p6_S14,57.0,4.5,12,9.6,14.0,180.0,180.0,fdl/LQ_N4p5_R57_W9p6_S14.py,skill/LQ_N4p5_R57_W9p6_S14.il,gds/LQ_N4p5_R57_W9p6_S14.gds,s2p/LQ_N4p5_R57_W9p6_S14.s2p
LQ_N4p5_R59_W12_S16,59.0,4.5,12,12.0,16.0,180.0,180.0,fdl/LQ_N4p5_R59_W12_S16.py,skill/LQ_N4p5_R59_W12_S16.il,gds/LQ_N4p5_R59_W12_S16.gds,s2p/LQ_N4p5_R59_W12_S16.s2p
LQ_N4p5_R53_W11p2_S16,53.0,4.5,12,11.2,16.0,180.0,180.0,fdl/LQ_N4p5_R53_W11p2_S16.py,skill/LQ_N4p5_R53_W11p2_S16.il,gds/LQ_N4p5_R53_W11p2_S16.gds,s2p/LQ_N4p5_R53_W11p2_S16.s2p
LQ_N4p5_R56_W11p2_S14,56.0,4.5,12,11.2,14.0,180.0,180.0,fdl/LQ_N4p5_R56_W11p2_S14.py,skill/LQ_N4p5_R56_W11p2_S14.il,gds/LQ_N4p5_R56_W11p2_S14.gds,s2p/LQ_N4p5_R56_W11p2_S14.s2p
LQ_N4p5_R56_W11p2_S15,56.0,4.5,12,11.2,15.0,180.0,180.0,fdl/LQ_N4p5_R56_W11p2_S15.py,skill/LQ_N4p5_R56_W11p2_S15.il,gds/LQ_N4p5_R56_W11p2_S15.gds,s2p/LQ_N4p5_R56_W11p2_S15.s2p
LQ_N4p5_R58_W12_S16,58.0,4.5,12,12.0,16.0,180.0,180.0,fdl/LQ_N4p5_R58_W12_S16.py,skill/LQ_N4p5_R58_W12_S16.il,gds/LQ_N4p5_R58_W12_S16.gds,s2p/LQ_N4p5_R58_W12_S16.s2p
LQ_N4p5_R55_W11p2_S14,55.0,4.5,12,11.2,14.0,180.0,180.0,fdl/LQ_N4p5_R55_W11p2_S14.py,skill/LQ_N4p5_R55_W11p2_S14.il,gds/LQ_N4p5_R55_W11p2_S14.gds,s2p/LQ_N4p5_R55_W11p2_S14.s2p
LQ_N4p5_R55_W11p2_S15,55.0,4.5,12,11.2,15.0,180.0,180.0,fdl/LQ_N4p5_R55_W11p2_S15.py,skill/LQ_N4p5_R55_W11p2_S15.il,gds/LQ_N4p5_R55_W11p2_S15.gds,s2p/LQ_N4p5_R55_W11p2_S15.s2p
LQ_N4p5_R57_W12_S16,57.0,4.5,12,12.0,16.0,180.0,180.0,fdl/LQ_N4p5_R57_W12_S16.py,skill/LQ_N4p5_R57_W12_S16.il,gds/LQ_N4p5_R57_W12_S16.gds,s2p/LQ_N4p5_R57_W12_S16.s2p
LQ_N4p5_R54_W11p2_S15,54.0,4.5,12,11.2,15.0,180.0,180.0,fdl/LQ_N4p5_R54_W11p2_S15.py,skill/LQ_N4p5_R54_W11p2_S15.il,gds/LQ_N4p5_R54_W11p2_S15.gds,s2p/LQ_N4p5_R54_W11p2_S15.s2p
LQ_N4p5_R70_W10p4_S12,70.0,4.5,12,10.4,12.0,180.0,180.0,fdl/LQ_N4p5_R70_W10p4_S12.py,skill/LQ_N4p5_R70_W10p4_S12.il,gds/LQ_N4p5_R70_W10p4_S12.gds,s2p/LQ_N4p5_R70_W10p4_S12.s2p
LQ_N4p5_R69_W10p4_S12,69.0,4.5,12,10.4,12.0,180.0,180.0,fdl/LQ_N4p5_R69_W10p4_S12.py,skill/LQ_N4p5_R69_W10p4_S12.il,gds/LQ_N4p5_R69_W10p4_S12.gds,s2p/LQ_N4p5_R69_W10p4_S12.s2p
LQ_N4p5_R68_W10p4_S12,68.0,4.5,12,10.4,12.0,180.0,180.0,fdl/LQ_N4p5_R68_W10p4_S12.py,skill/LQ_N4p5_R68_W10p4_S12.il,gds/LQ_N4p5_R68_W10p4_S12.gds,s2p/LQ_N4p5_R68_W10p4_S12.s2p
LQ_N4p5_R70_W9p6_S12,70.0,4.5,12,9.6,12.0,180.0,180.0,fdl/LQ_N4p5_R70_W9p6_S12.py,skill/LQ_N4p5_R70_W9p6_S12.il,gds/LQ_N4p5_R70_W9p6_S12.gds,s2p/LQ_N4p5_R70_W9p6_S12.s2p
LQ_N4p5_R67_W10p4_S12,67.0,4.5,12,10.4,12.0,180.0,180.0,fdl/LQ_N4p5_R67_W10p4_S12.py,skill/LQ_N4p5_R67_W10p4_S12.il,gds/LQ_N4p5_R67_W10p4_S12.gds,s2p/LQ_N4p5_R67_W10p4_S12.s2p
LQ_N4p5_R69_W9p6_S12,69.0,4.5,12,9.6,12.0,180.0,180.0,fdl/LQ_N4p5_R69_W9p6_S12.py,skill/LQ_N4p5_R69_W9p6_S12.il,gds/LQ_N4p5_R69_W9p6_S12.gds,s2p/LQ_N4p5_R69_W9p6_S12.s2p
LQ_N4p5_R66_W10p4_S12,66.0,4.5,12,10.4,12.0,180.0,180.0,fdl/LQ_N4p5_R66_W10p4_S12.py,skill/LQ_N4p5_R66_W10p4_S12.il,gds/LQ_N4p5_R66_W10p4_S12.gds,s2p/LQ_N4p5_R66_W10p4_S12.s2p
LQ_N4p5_R65_W10p4_S12,65.0,4.5,12,10.4,12.0,180.0,180.0,fdl/LQ_N4p5_R65_W10p4_S12.py,skill/LQ_N4p5_R65_W10p4_S12.il,gds/LQ_N4p5_R65_W10p4_S12.gds,s2p/LQ_N4p5_R65_W10p4_S12.s2p
LQ_N4p5_R62_W12_S18,62.0,4.5,12,12.0,18.0,180.0,180.0,fdl/LQ_N4p5_R62_W12_S18.py,skill/LQ_N4p5_R62_W12_S18.il,gds/LQ_N4p5_R62_W12_S18.gds,s2p/LQ_N4p5_R62_W12_S18.s2p
LQ_N4p5_R61_W12_S18,61.0,4.5,12,12.0,18.0,180.0,180.0,fdl/LQ_N4p5_R61_W12_S18.py,skill/LQ_N4p5_R61_W12_S18.il,gds/LQ_N4p5_R61_W12_S18.gds,s2p/LQ_N4p5_R61_W12_S18.s2p
LQ_N4p5_R60_W12_S18,60.0,4.5,12,12.0,18.0,180.0,180.0,fdl/LQ_N4p5_R60_W12_S18.py,skill/LQ_N4p5_R60_W12_S18.il,gds/LQ_N4p5_R60_W12_S18.gds,s2p/LQ_N4p5_R60_W12_S18.s2p
LQ_N4p5_R59_W12_S18,59.0,4.5,12,12.0,18.0,180.0,180.0,fdl/LQ_N4p5_R59_W12_S18.py,skill/LQ_N4p5_R59_W12_S18.il,gds/LQ_N4p5_R59_W12_S18.gds,s2p/LQ_N4p5_R59_W12_S18.s2p
LQ_N4p5_R58_W12_S18,58.0,4.5,12,12.0,18.0,180.0,180.0,fdl/LQ_N4p5_R58_W12_S18.py,skill/LQ_N4p5_R58_W12_S18.il,gds/LQ_N4p5_R58_W12_S18.gds,s2p/LQ_N4p5_R58_W12_S18.s2p
LQ_N4p5_R69_W10p4_S14,69.0,4.5,12,10.4,14.0,180.0,180.0,fdl/LQ_N4p5_R69_W10p4_S14.py,skill/LQ_N4p5_R69_W10p4_S14.il,gds/LQ_N4p5_R69_W10p4_S14.gds,s2p/LQ_N4p5_R69_W10p4_S14.s2p
LQ_N4p5_R70_W9p6_S14,70.0,4.5,12,9.6,14.0,180.0,180.0,fdl/LQ_N4p5_R70_W9p6_S14.py,skill/LQ_N4p5_R70_W9p6_S14.il,gds/LQ_N4p5_R70_W9p6_S14.gds,s2p/LQ_N4p5_R70_W9p6_S14.s2p
LQ_N4p5_R57_W12_S18,57.0,4.5,12,12.0,18.0,180.0,180.0,fdl/LQ_N4p5_R57_W12_S18.py,skill/LQ_N4p5_R57_W12_S18.il,gds/LQ_N4p5_R57_W12_S18.gds,s2p/LQ_N4p5_R57_W12_S18.s2p
LQ_N4p5_R68_W10p4_S14,68.0,4.5,12,10.4,14.0,180.0,180.0,fdl/LQ_N4p5_R68_W10p4_S14.py,skill/LQ_N4p5_R68_W10p4_S14.il,gds/LQ_N4p5_R68_W10p4_S14.gds,s2p/LQ_N4p5_R68_W10p4_S14.s2p
LQ_N4p5_R69_W9p6_S14,69.0,4.5,12,9.6,14.0,180.0,180.0,fdl/LQ_N4p5_R69_W9p6_S14.py,skill/LQ_N4p5_R69_W9p6_S14.il,gds/LQ_N4p5_R69_W9p6_S14.gds,s2p/LQ_N4p5_R69_W9p6_S14.s2p
LQ_N4p5_R56_W12_S18,56.0,4.5,12,12.0,18.0,180.0,180.0,fdl/LQ_N4p5_R56_W12_S18.py,skill/LQ_N4p5_R56_W12_S18.il,gds/LQ_N4p5_R56_W12_S18.gds,s2p/LQ_N4p5_R56_W12_S18.s2p
LQ_N4p5_R67_W10p4_S14,67.0,4.5,12,10.4,14.0,180.0,180.0,fdl/LQ_N4p5_R67_W10p4_S14.py,skill/LQ_N4p5_R67_W10p4_S14.il,gds/LQ_N4p5_R67_W10p4_S14.gds,s2p/LQ_N4p5_R67_W10p4_S14.s2p
LQ_N4p5_R66_W10p4_S15,66.0,4.5,12,10.4,15.0,180.0,180.0,fdl/LQ_N4p5_R66_W10p4_S15.py,skill/LQ_N4p5_R66_W10p4_S15.il,gds/LQ_N4p5_R66_W10p4_S15.gds,s2p/LQ_N4p5_R66_W10p4_S15.s2p
LQ_N4p5_R68_W11p2_S14,68.0,4.5,12,11.2,14.0,180.0,180.0,fdl/LQ_N4p5_R68_W11p2_S14.py,skill/LQ_N4p5_R68_W11p2_S14.il,gds/LQ_N4p5_R68_W11p2_S14.gds,s2p/LQ_N4p5_R68_W11p2_S14.s2p
LQ_N4p5_R68_W9p6_S14,68.0,4.5,12,9.6,14.0,180.0,180.0,fdl/LQ_N4p5_R68_W9p6_S14.py,skill/LQ_N4p5_R68_W9p6_S14.il,gds/LQ_N4p5_R68_W9p6_S14.gds,s2p/LQ_N4p5_R68_W9p6_S14.s2p
LQ_N4p5_R66_W10p4_S14,66.0,4.5,12,10.4,14.0,180.0,180.0,fdl/LQ_N4p5_R66_W10p4_S14.py,skill/LQ_N4p5_R66_W10p4_S14.il,gds/LQ_N4p5_R66_W10p4_S14.gds,s2p/LQ_N4p5_R66_W10p4_S14.s2p
LQ_N4p5_R64_W11p2_S16,64.0,4.5,12,11.2,16.0,180.0,180.0,fdl/LQ_N4p5_R64_W11p2_S16.py,skill/LQ_N4p5_R64_W11p2_S16.il,gds/LQ_N4p5_R64_W11p2_S16.gds,s2p/LQ_N4p5_R64_W11p2_S16.s2p
LQ_N4p5_R65_W10p4_S15,65.0,4.5,12,10.4,15.0,180.0,180.0,fdl/LQ_N4p5_R65_W10p4_S15.py,skill/LQ_N4p5_R65_W10p4_S15.il,gds/LQ_N4p5_R65_W10p4_S15.gds,s2p/LQ_N4p5_R65_W10p4_S15.s2p
LQ_N4p5_R67_W11p2_S14,67.0,4.5,12,11.2,14.0,180.0,180.0,fdl/LQ_N4p5_R67_W11p2_S14.py,skill/LQ_N4p5_R67_W11p2_S14.il,gds/LQ_N4p5_R67_W11p2_S14.gds,s2p/LQ_N4p5_R67_W11p2_S14.s2p
LQ_N4p5_R67_W9p6_S14,67.0,4.5,12,9.6,14.0,180.0,180.0,fdl/LQ_N4p5_R67_W9p6_S14.py,skill/LQ_N4p5_R67_W9p6_S14.il,gds/LQ_N4p5_R67_W9p6_S14.gds,s2p/LQ_N4p5_R67_W9p6_S14.s2p
LQ_N4p5_R65_W10p4_S14,65.0,4.5,12,10.4,14.0,180.0,180.0,fdl/LQ_N4p5_R65_W10p4_S14.py,skill/LQ_N4p5_R65_W10p4_S14.il,gds/LQ_N4p5_R65_W10p4_S14.gds,s2p/LQ_N4p5_R65_W10p4_S14.s2p
LQ_N4p5_R63_W11p2_S16,63.0,4.5,12,11.2,16.0,180.0,180.0,fdl/LQ_N4p5_R63_W11p2_S16.py,skill/LQ_N4p5_R63_W11p2_S16.il,gds/LQ_N4p5_R63_W11p2_S16.gds,s2p/LQ_N4p5_R63_W11p2_S16.s2p
LQ_N4p5_R64_W10p4_S15,64.0,4.5,12,10.4,15.0,180.0,180.0,fdl/LQ_N4p5_R64_W10p4_S15.py,skill/LQ_N4p5_R64_W10p4_S15.il,gds/LQ_N4p5_R64_W10p4_S15.gds,s2p/LQ_N4p5_R64_W10p4_S15.s2p
LQ_N4p5_R66_W11p2_S14,66.0,4.5,12,11.2,14.0,180.0,180.0,fdl/LQ_N4p5_R66_W11p2_S14.py,skill/LQ_N4p5_R66_W11p2_S14.il,gds/LQ_N4p5_R66_W11p2_S14.gds,s2p/LQ_N4p5_R66_W11p2_S14.s2p
LQ_N4p5_R66_W11p2_S15,66.0,4.5,12,11.2,15.0,180.0,180.0,fdl/LQ_N4p5_R66_W11p2_S15.py,skill/LQ_N4p5_R66_W11p2_S15.il,gds/LQ_N4p5_R66_W11p2_S15.gds,s2p/LQ_N4p5_R66_W11p2_S15.s2p
LQ_N4p5_R66_W9p6_S14,66.0,4.5,12,9.6,14.0,180.0,180.0,fdl/LQ_N4p5_R66_W9p6_S14.py,skill/LQ_N4p5_R66_W9p6_S14.il,gds/LQ_N4p5_R66_W9p6_S14.gds,s2p/LQ_N4p5_R66_W9p6_S14.s2p
LQ_N4p5_R64_W10p4_S14,64.0,4.5,12,10.4,14.0,180.0,180.0,fdl/LQ_N4p5_R64_W10p4_S14.py,skill/LQ_N4p5_R64_W10p4_S14.il,gds/LQ_N4p5_R64_W10p4_S14.gds,s2p/LQ_N4p5_R64_W10p4_S14.s2p
LQ_N4p5_R63_W10p4_S15,63.0,4.5,12,10.4,15.0,180.0,180.0,fdl/LQ_N4p5_R63_W10p4_S15.py,skill/LQ_N4p5_R63_W10p4_S15.il,gds/LQ_N4p5_R63_W10p4_S15.gds,s2p/LQ_N4p5_R63_W10p4_S15.s2p
LQ_N4p5_R65_W11p2_S14,65.0,4.5,12,11.2,14.0,180.0,180.0,fdl/LQ_N4p5_R65_W11p2_S14.py,skill/LQ_N4p5_R65_W11p2_S14.il,gds/LQ_N4p5_R65_W11p2_S14.gds,s2p/LQ_N4p5_R65_W11p2_S14.s2p
LQ_N4p5_R65_W11p2_S15,65.0,4.5,12,11.2,15.0,180.0,180.0,fdl/LQ_N4p5_R65_W11p2_S15.py,skill/LQ_N4p5_R65_W11p2_S15.il,gds/LQ_N4p5_R65_W11p2_S15.gds,s2p/LQ_N4p5_R65_W11p2_S15.s2p
LQ_N4p5_R65_W9p6_S14,65.0,4.5,12,9.6,14.0,180.0,180.0,fdl/LQ_N4p5_R65_W9p6_S14.py,skill/LQ_N4p5_R65_W9p6_S14.il,gds/LQ_N4p5_R65_W9p6_S14.gds,s2p/LQ_N4p5_R65_W9p6_S14.s2p
LQ_N4p5_R63_W10p4_S14,63.0,4.5,12,10.4,14.0,180.0,180.0,fdl/LQ_N4p5_R63_W10p4_S14.py,skill/LQ_N4p5_R63_W10p4_S14.il,gds/LQ_N4p5_R63_W10p4_S14.gds,s2p/LQ_N4p5_R63_W10p4_S14.s2p
LQ_N4p5_R61_W11p2_S16,61.0,4.5,12,11.2,16.0,180.0,180.0,fdl/LQ_N4p5_R61_W11p2_S16.py,skill/LQ_N4p5_R61_W11p2_S16.il,gds/LQ_N4p5_R61_W11p2_S16.gds,s2p/LQ_N4p5_R61_W11p2_S16.s2p
LQ_N4p5_R64_W11p2_S14,64.0,4.5,12,11.2,14.0,180.0,180.0,fdl/LQ_N4p5_R64_W11p2_S14.py,skill/LQ_N4p5_R64_W11p2_S14.il,gds/LQ_N4p5_R64_W11p2_S14.gds,s2p/LQ_N4p5_R64_W11p2_S14.s2p
LQ_N4p5_R64_W11p2_S15,64.0,4.5,12,11.2,15.0,180.0,180.0,fdl/LQ_N4p5_R64_W11p2_S15.py,skill/LQ_N4p5_R64_W11p2_S15.il,gds/LQ_N4p5_R64_W11p2_S15.gds,s2p/LQ_N4p5_R64_W11p2_S15.s2p
LQ_N4p5_R64_W9p6_S14,64.0,4.5,12,9.6,14.0,180.0,180.0,fdl/LQ_N4p5_R64_W9p6_S14.py,skill/LQ_N4p5_R64_W9p6_S14.il,gds/LQ_N4p5_R64_W9p6_S14.gds,s2p/LQ_N4p5_R64_W9p6_S14.s2p
LQ_N4p5_R61_W10p4_S15,61.0,4.5,12,10.4,15.0,180.0,180.0,fdl/LQ_N4p5_R61_W10p4_S15.py,skill/LQ_N4p5_R61_W10p4_S15.il,gds/LQ_N4p5_R61_W10p4_S15.gds,s2p/LQ_N4p5_R61_W10p4_S15.s2p
LQ_N4p5_R63_W11p2_S14,63.0,4.5,12,11.2,14.0,180.0,180.0,fdl/LQ_N4p5_R63_W11p2_S14.py,skill/LQ_N4p5_R63_W11p2_S14.il,gds/LQ_N4p5_R63_W11p2_S14.gds,s2p/LQ_N4p5_R63_W11p2_S14.s2p
LQ_N4p5_R63_W11p2_S15,63.0,4.5,12,11.2,15.0,180.0,180.0,fdl/LQ_N4p5_R63_W11p2_S15.py,skill/LQ_N4p5_R63_W11p2_S15.il,gds/LQ_N4p5_R63_W11p2_S15.gds,s2p/LQ_N4p5_R63_W11p2_S15.s2p
LQ_N4p5_R65_W12_S16,65.0,4.5,12,12.0,16.0,180.0,180.0,fdl/LQ_N4p5_R65_W12_S16.py,skill/LQ_N4p5_R65_W12_S16.il,gds/LQ_N4p5_R65_W12_S16.gds,s2p/LQ_N4p5_R65_W12_S16.s2p
LQ_N4p5_R59_W11p2_S16,59.0,4.5,12,11.2,16.0,180.0,180.0,fdl/LQ_N4p5_R59_W11p2_S16.py,skill/LQ_N4p5_R59_W11p2_S16.il,gds/LQ_N4p5_R59_W11p2_S16.gds,s2p/LQ_N4p5_R59_W11p2_S16.s2p
LQ_N4p5_R62_W11p2_S14,62.0,4.5,12,11.2,14.0,180.0,180.0,fdl/LQ_N4p5_R62_W11p2_S14.py,skill/LQ_N4p5_R62_W11p2_S14.il,gds/LQ_N4p5_R62_W11p2_S14.gds,s2p/LQ_N4p5_R62_W11p2_S14.s2p
LQ_N4p5_R62_W11p2_S15,62.0,4.5,12,11.2,15.0,180.0,180.0,fdl/LQ_N4p5_R62_W11p2_S15.py,skill/LQ_N4p5_R62_W11p2_S15.il,gds/LQ_N4p5_R62_W11p2_S15.gds,s2p/LQ_N4p5_R62_W11p2_S15.s2p
LQ_N4p5_R64_W12_S16,64.0,4.5,12,12.0,16.0,180.0,180.0,fdl/LQ_N4p5_R64_W12_S16.py,skill/LQ_N4p5_R64_W12_S16.il,gds/LQ_N4p5_R64_W12_S16.gds,s2p/LQ_N4p5_R64_W12_S16.s2p
LQ_N4p5_R61_W11p2_S15,61.0,4.5,12,11.2,15.0,180.0,180.0,fdl/LQ_N4p5_R61_W11p2_S15.py,skill/LQ_N4p5_R61_W11p2_S15.il,gds/LQ_N4p5_R61_W11p2_S15.gds,s2p/LQ_N4p5_R61_W11p2_S15.s2p
LQ_N4p5_R63_W12_S16,63.0,4.5,12,12.0,16.0,180.0,180.0,fdl/LQ_N4p5_R63_W12_S16.py,skill/LQ_N4p5_R63_W12_S16.il,gds/LQ_N4p5_R63_W12_S16.gds,s2p/LQ_N4p5_R63_W12_S16.s2p
LQ_N4p5_R62_W12_S16,62.0,4.5,12,12.0,16.0,180.0,180.0,fdl/LQ_N4p5_R62_W12_S16.py,skill/LQ_N4p5_R62_W12_S16.il,gds/LQ_N4p5_R62_W12_S16.gds,s2p/LQ_N4p5_R62_W12_S16.s2p
LQ_N4p5_R61_W12_S16,61.0,4.5,12,12.0,16.0,180.0,180.0,fdl/LQ_N4p5_R61_W12_S16.py,skill/LQ_N4p5_R61_W12_S16.il,gds/LQ_N4p5_R61_W12_S16.gds,s2p/LQ_N4p5_R61_W12_S16.s2p
LQ_N4p5_R60_W12_S16,60.0,4.5,12,12.0,16.0,180.0,180.0,fdl/LQ_N4p5_R60_W12_S16.py,skill/LQ_N4p5_R60_W12_S16.il,gds/LQ_N4p5_R60_W12_S16.gds,s2p/LQ_N4p5_R60_W12_S16.s2p
LQ_N2p5_R88_W12_S18,88.0,2.5,12,12.0,18.0,180.0,180.0,fdl/LQ_N2p5_R88_W12_S18.py,skill/LQ_N2p5_R88_W12_S18.il,gds/LQ_N2p5_R88_W12_S18.gds,s2p/LQ_N2p5_R88_W12_S18.s2p
LQ_N2p5_R87_W12_S18,87.0,2.5,12,12.0,18.0,180.0,180.0,fdl/LQ_N2p5_R87_W12_S18.py,skill/LQ_N2p5_R87_W12_S18.il,gds/LQ_N2p5_R87_W12_S18.gds,s2p/LQ_N2p5_R87_W12_S18.s2p
LQ_N2p5_R86_W12_S18,86.0,2.5,12,12.0,18.0,180.0,180.0,fdl/LQ_N2p5_R86_W12_S18.py,skill/LQ_N2p5_R86_W12_S18.il,gds/LQ_N2p5_R86_W12_S18.gds,s2p/LQ_N2p5_R86_W12_S18.s2p
